{
  "version": "2025-10-31-universal-v3",
  "description": "Universal web technology detection covering 300+ major technologies for all websites",
  "last_updated": "2025-10-31",
  "tech": [
    {
      "name": "Zendesk Chat",
      "category": "Marketing Automation",
      "subcategories": ["Live Chat"],
      "matchers": [
        {"type": "script_src_regex", "pattern": "static\\.zdassets\\.com"},
        {"type": "global_js_regex", "pattern": "^\\$zopim$|^zE$"}
      ],
      "weight": 0.9
    },
    {
      "name": "Magento",
      "category": "Content Management System",
      "subcategories": ["Ecommerce"],
      "matchers": [
        {"type": "html_regex", "pattern": "Mage\\.Cookies|/skin/frontend/|/js/mage/"},
        {"type": "global_js_regex", "pattern": "Mage|Magento"},
        {"type": "cookie_regex", "pattern": "frontend|adminhtml"}
      ],
      "weight": 0.95
    },
    {
      "name": "Video.js",
      "category": "Video",
      "matchers": [
        {"type": "script_src_regex", "pattern": "video-js|video\\.js(?!delivr)"},
        {"type": "global_js_regex", "pattern": "videojs"}
      ],
      "weight": 0.85
    }
  ]
}