{
  "url": "https://www.pfizerforall.com/",
  "timestamp": "2025-11-04T11:51:48.766400",
  "static_results": [
    {
      "name": "Adobe Analytics (Omniture SiteCatalyst)",
      "category": "Analytics & Tracking",
      "confidence": 0.447,
      "evidence": [
        "script_src:s_code\\.js|AppMeasurement\\.js|omtrdc\\.net|omniture\\.com|2o7\\.net"
      ]
    },
    {
      "name": "Hotjar",
      "category": "Analytics & Tracking",
      "confidence": 0.447,
      "evidence": [
        "script_src:hotjar\\.com|hotjar\\.io"
      ]
    },
    {
      "name": "Content Square",
      "category": "Analytics & Tracking",
      "confidence": 0.43,
      "evidence": [
        "script_src:contentsquare\\.net|t\\.contentsquare\\.net"
      ]
    },
    {
      "name": "Decibel Insight",
      "category": "Analytics & Tracking",
      "confidence": 0.43,
      "evidence": [
        "script_src:decibelinsight\\.net|cdn\\.decibelinsight\\.com"
      ]
    },
    {
      "name": "Adobe Experience Cloud",
      "category": "Analytics & Tracking",
      "confidence": 0.412,
      "evidence": [
        "script_src:marketing\\.adobe\\.com|demdex\\.net|adobe\\.com.*marketing"
      ]
    },
    {
      "name": "Adobe Dynamic Tag Management",
      "category": "Analytics & Tracking",
      "confidence": 0.412,
      "evidence": [
        "script_src:assets\\.adobedtm\\.com(?!.*launch)"
      ]
    },
    {
      "name": "Adobe Experience Manager Franklin",
      "category": "Content Management System",
      "confidence": 0.628,
      "evidence": [
        "script_src:hlx\\.(page|live)",
        "header:x-franklin|x-edison-type.*Adobe"
      ]
    },
    {
      "name": "Tailwind CSS",
      "category": "CSS Frameworks",
      "confidence": 0.482,
      "evidence": [
        "html:class=[\"'][^\"']*(?:tw-|text-|bg-|font-|p-|m-|w-|h-|flex|grid|gap-|rounded|shadow|border|container|mx-|my-|px-|py-|sm:|md:|lg:|xl:|2xl:)[^\"']*[\"']"
      ]
    },
    {
      "name": "Varnish",
      "category": "Web Server",
      "confidence": 0.326,
      "evidence": [
        "header:X-Varnish|Via:.*\\d+\\.\\d+\\s+varnish|Server:\\s*varnish"
      ]
    },
    {
      "name": "Cloudflare",
      "category": "CDN & Hosting",
      "confidence": 0.326,
      "evidence": [
        "header:CF-RAY|cf-cache-status|Server:\\s*cloudflare"
      ]
    },
    {
      "name": "Fastly",
      "category": "CDN & Hosting",
      "confidence": 0.298,
      "evidence": [
        "header:X-Fastly|Fastly|x-served-by.*cache"
      ]
    },
    {
      "name": "jsDelivr",
      "category": "CDN & Hosting",
      "confidence": 0.43,
      "evidence": [
        "script_src:cdn\\.jsdelivr\\.net"
      ]
    },
    {
      "name": "MaxMind",
      "category": "Mapping",
      "confidence": 0.412,
      "evidence": [
        "script_src:geoip-js\\.com|maxmind\\.com"
      ]
    },
    {
      "name": "Google Ads (AdWords)",
      "category": "Advertising",
      "confidence": 0.447,
      "evidence": [
        "script_src:googleadservices\\.com|google\\.com/ads|googleads\\.g\\.doubleclick\\.net"
      ]
    },
    {
      "name": "DoubleClick",
      "category": "Advertising",
      "confidence": 0.43,
      "evidence": [
        "script_src:doubleclick\\.net"
      ]
    },
    {
      "name": "Floodlight",
      "category": "Advertising",
      "confidence": 0.412,
      "evidence": [
        "script_src:fls\\.doubleclick\\.net|ad\\.doubleclick\\.net.*activity"
      ]
    },
    {
      "name": "Snap Chat",
      "category": "Advertising",
      "confidence": 0.412,
      "evidence": [
        "script_src:sc-static\\.net|tr\\.snapchat\\.com"
      ]
    },
    {
      "name": "The Trade Desk",
      "category": "Advertising",
      "confidence": 0.412,
      "evidence": [
        "script_src:adsrvr\\.org"
      ]
    },
    {
      "name": "The Trade Desk Universal Pixel",
      "category": "Advertising",
      "confidence": 0.412,
      "evidence": [
        "script_src:js\\.adsrvr\\.org"
      ]
    },
    {
      "name": "Adobe Audience Manager",
      "category": "Advertising",
      "confidence": 0.447,
      "evidence": [
        "script_src:demdex\\.net|dpm\\.demdex\\.net"
      ]
    },
    {
      "name": "Intercom",
      "category": "Marketing Automation",
      "confidence": 0.447,
      "evidence": [
        "script_src:widget\\.intercom\\.io"
      ]
    },
    {
      "name": "Salesforce",
      "category": "Marketing Automation",
      "confidence": 0.43,
      "evidence": [
        "script_src:salesforce\\.com|force\\.com"
      ]
    },
    {
      "name": "Adobe Target",
      "category": "A/B Testing",
      "confidence": 0.447,
      "evidence": [
        "script_src:tt\\.omtrdc\\.net|at\\.js"
      ]
    },
    {
      "name": "Adobe Experience Platform",
      "category": "Analytics & Tracking",
      "confidence": 0.43,
      "evidence": [
        "script_src:assets\\.adobedtm\\.com|alloy\\.js"
      ]
    },
    {
      "name": "OneTrust",
      "category": "Security",
      "confidence": 0.447,
      "evidence": [
        "script_src:onetrust|cookielaw\\.org"
      ]
    },
    {
      "name": "Optanon",
      "category": "Security",
      "confidence": 0.447,
      "evidence": [
        "script_src:optanon|onetrust|cookielaw\\.org"
      ]
    },
    {
      "name": "Evidon",
      "category": "Security",
      "confidence": 0.412,
      "evidence": [
        "script_src:evidon\\.com|crownpeak\\.com"
      ]
    },
    {
      "name": "YouTube",
      "category": "Video",
      "confidence": 0.447,
      "evidence": [
        "script_src:youtube\\.com"
      ]
    },
    {
      "name": "Brightcove",
      "category": "Video",
      "confidence": 0.43,
      "evidence": [
        "script_src:brightcove\\.com|players\\.brightcove\\.net"
      ]
    },
    {
      "name": "Facebook Comments",
      "category": "Widgets",
      "confidence": 0.412,
      "evidence": [
        "script_src:connect\\.facebook\\.net"
      ]
    },
    {
      "name": "Font Awesome",
      "category": "Widgets",
      "confidence": 0.464,
      "evidence": [
        "html:fa-|fas |far |fab "
      ]
    },
    {
      "name": "Vev",
      "category": "Widgets",
      "confidence": 0.694,
      "evidence": [
        "script_src:(embed\\.vev\\.page|cdn\\.vev\\.design)",
        "html:<iframe[^>]*src=\\\"https://embed\\.vev\\.page|vev-"
      ]
    },
    {
      "name": "HSTS",
      "category": "SSL Certificates",
      "confidence": 0.312,
      "evidence": [
        "header:Strict-Transport-Security"
      ]
    },
    {
      "name": "Report URI",
      "category": "Security",
      "confidence": 0.283,
      "evidence": [
        "header:report-uri\\.com"
      ]
    },
    {
      "name": "Open Graph Protocol",
      "category": "Structured Data",
      "confidence": 0.393,
      "evidence": [
        "meta:property=['\"]og:[^'\"]+['\"]|name=['\"]og:[^'\"]+['\"]"
      ]
    },
    {
      "name": "Conversant",
      "category": "Advertising",
      "confidence": 0.43,
      "evidence": [
        "script_src:dotomi\\.com|conversantmedia\\.com"
      ]
    }
  ],
  "dynamic_results": [],
  "all_results": [
    {
      "name": "Adobe Analytics (Omniture SiteCatalyst)",
      "category": "Analytics & Tracking",
      "confidence": 0.447,
      "evidence": [
        "script_src:s_code\\.js|AppMeasurement\\.js|omtrdc\\.net|omniture\\.com|2o7\\.net"
      ]
    },
    {
      "name": "Hotjar",
      "category": "Analytics & Tracking",
      "confidence": 0.447,
      "evidence": [
        "script_src:hotjar\\.com|hotjar\\.io"
      ]
    },
    {
      "name": "Content Square",
      "category": "Analytics & Tracking",
      "confidence": 0.43,
      "evidence": [
        "script_src:contentsquare\\.net|t\\.contentsquare\\.net"
      ]
    },
    {
      "name": "Decibel Insight",
      "category": "Analytics & Tracking",
      "confidence": 0.43,
      "evidence": [
        "script_src:decibelinsight\\.net|cdn\\.decibelinsight\\.com"
      ]
    },
    {
      "name": "Adobe Experience Cloud",
      "category": "Analytics & Tracking",
      "confidence": 0.412,
      "evidence": [
        "script_src:marketing\\.adobe\\.com|demdex\\.net|adobe\\.com.*marketing"
      ]
    },
    {
      "name": "Adobe Dynamic Tag Management",
      "category": "Analytics & Tracking",
      "confidence": 0.412,
      "evidence": [
        "script_src:assets\\.adobedtm\\.com(?!.*launch)"
      ]
    },
    {
      "name": "Adobe Experience Manager Franklin",
      "category": "Content Management System",
      "confidence": 0.628,
      "evidence": [
        "script_src:hlx\\.(page|live)",
        "header:x-franklin|x-edison-type.*Adobe"
      ]
    },
    {
      "name": "Tailwind CSS",
      "category": "CSS Frameworks",
      "confidence": 0.482,
      "evidence": [
        "html:class=[\"'][^\"']*(?:tw-|text-|bg-|font-|p-|m-|w-|h-|flex|grid|gap-|rounded|shadow|border|container|mx-|my-|px-|py-|sm:|md:|lg:|xl:|2xl:)[^\"']*[\"']"
      ]
    },
    {
      "name": "Varnish",
      "category": "Web Server",
      "confidence": 0.326,
      "evidence": [
        "header:X-Varnish|Via:.*\\d+\\.\\d+\\s+varnish|Server:\\s*varnish"
      ]
    },
    {
      "name": "Cloudflare",
      "category": "CDN & Hosting",
      "confidence": 0.326,
      "evidence": [
        "header:CF-RAY|cf-cache-status|Server:\\s*cloudflare"
      ]
    },
    {
      "name": "Fastly",
      "category": "CDN & Hosting",
      "confidence": 0.298,
      "evidence": [
        "header:X-Fastly|Fastly|x-served-by.*cache"
      ]
    },
    {
      "name": "jsDelivr",
      "category": "CDN & Hosting",
      "confidence": 0.43,
      "evidence": [
        "script_src:cdn\\.jsdelivr\\.net"
      ]
    },
    {
      "name": "MaxMind",
      "category": "Mapping",
      "confidence": 0.412,
      "evidence": [
        "script_src:geoip-js\\.com|maxmind\\.com"
      ]
    },
    {
      "name": "Google Ads (AdWords)",
      "category": "Advertising",
      "confidence": 0.447,
      "evidence": [
        "script_src:googleadservices\\.com|google\\.com/ads|googleads\\.g\\.doubleclick\\.net"
      ]
    },
    {
      "name": "DoubleClick",
      "category": "Advertising",
      "confidence": 0.43,
      "evidence": [
        "script_src:doubleclick\\.net"
      ]
    },
    {
      "name": "Floodlight",
      "category": "Advertising",
      "confidence": 0.412,
      "evidence": [
        "script_src:fls\\.doubleclick\\.net|ad\\.doubleclick\\.net.*activity"
      ]
    },
    {
      "name": "Snap Chat",
      "category": "Advertising",
      "confidence": 0.412,
      "evidence": [
        "script_src:sc-static\\.net|tr\\.snapchat\\.com"
      ]
    },
    {
      "name": "The Trade Desk",
      "category": "Advertising",
      "confidence": 0.412,
      "evidence": [
        "script_src:adsrvr\\.org"
      ]
    },
    {
      "name": "The Trade Desk Universal Pixel",
      "category": "Advertising",
      "confidence": 0.412,
      "evidence": [
        "script_src:js\\.adsrvr\\.org"
      ]
    },
    {
      "name": "Adobe Audience Manager",
      "category": "Advertising",
      "confidence": 0.447,
      "evidence": [
        "script_src:demdex\\.net|dpm\\.demdex\\.net"
      ]
    },
    {
      "name": "Intercom",
      "category": "Marketing Automation",
      "confidence": 0.447,
      "evidence": [
        "script_src:widget\\.intercom\\.io"
      ]
    },
    {
      "name": "Salesforce",
      "category": "Marketing Automation",
      "confidence": 0.43,
      "evidence": [
        "script_src:salesforce\\.com|force\\.com"
      ]
    },
    {
      "name": "Adobe Target",
      "category": "A/B Testing",
      "confidence": 0.447,
      "evidence": [
        "script_src:tt\\.omtrdc\\.net|at\\.js"
      ]
    },
    {
      "name": "Adobe Experience Platform",
      "category": "Analytics & Tracking",
      "confidence": 0.43,
      "evidence": [
        "script_src:assets\\.adobedtm\\.com|alloy\\.js"
      ]
    },
    {
      "name": "OneTrust",
      "category": "Security",
      "confidence": 0.447,
      "evidence": [
        "script_src:onetrust|cookielaw\\.org"
      ]
    },
    {
      "name": "Optanon",
      "category": "Security",
      "confidence": 0.447,
      "evidence": [
        "script_src:optanon|onetrust|cookielaw\\.org"
      ]
    },
    {
      "name": "Evidon",
      "category": "Security",
      "confidence": 0.412,
      "evidence": [
        "script_src:evidon\\.com|crownpeak\\.com"
      ]
    },
    {
      "name": "YouTube",
      "category": "Video",
      "confidence": 0.447,
      "evidence": [
        "script_src:youtube\\.com"
      ]
    },
    {
      "name": "Brightcove",
      "category": "Video",
      "confidence": 0.43,
      "evidence": [
        "script_src:brightcove\\.com|players\\.brightcove\\.net"
      ]
    },
    {
      "name": "Facebook Comments",
      "category": "Widgets",
      "confidence": 0.412,
      "evidence": [
        "script_src:connect\\.facebook\\.net"
      ]
    },
    {
      "name": "Font Awesome",
      "category": "Widgets",
      "confidence": 0.464,
      "evidence": [
        "html:fa-|fas |far |fab "
      ]
    },
    {
      "name": "Vev",
      "category": "Widgets",
      "confidence": 0.694,
      "evidence": [
        "script_src:(embed\\.vev\\.page|cdn\\.vev\\.design)",
        "html:<iframe[^>]*src=\\\"https://embed\\.vev\\.page|vev-"
      ]
    },
    {
      "name": "HSTS",
      "category": "SSL Certificates",
      "confidence": 0.312,
      "evidence": [
        "header:Strict-Transport-Security"
      ]
    },
    {
      "name": "Report URI",
      "category": "Security",
      "confidence": 0.283,
      "evidence": [
        "header:report-uri\\.com"
      ]
    },
    {
      "name": "Open Graph Protocol",
      "category": "Structured Data",
      "confidence": 0.393,
      "evidence": [
        "meta:property=['\"]og:[^'\"]+['\"]|name=['\"]og:[^'\"]+['\"]"
      ]
    },
    {
      "name": "Conversant",
      "category": "Advertising",
      "confidence": 0.43,
      "evidence": [
        "script_src:dotomi\\.com|conversantmedia\\.com"
      ]
    }
  ],
  "evidence": {
    "html": "<!DOCTYPE html>\n<html lang=\"en\">\n  <head>\n    <title>PfizerForAll™ | Official Site</title>\n    <link rel=\"canonical\" href=\"https://www.pfizerforall.com/\">\n    <meta name=\"description\" content=\"Discover information about COVID-19, flu, migraine, and vaccines, plus get answers and access to care - all in one place.\">\n    <meta property=\"og:title\" content=\"PfizerForAll™ | Official Site\">\n    <meta property=\"og:description\" content=\"Discover information about COVID-19, flu, migraine, and vaccines, plus get answers and access to care - all in one place.\">\n    <meta property=\"og:url\" content=\"https://www.pfizerforall.com/\">\n    <meta property=\"og:image\" content=\"https://www.pfizerforall.com/media_1cd4a4afc4072133df89de8e576db58c2d02b673f.png?width=1200&#x26;format=pjpg&#x26;optimize=medium\">\n    <meta property=\"og:image:secure_url\" content=\"https://www.pfizerforall.com/media_1cd4a4afc4072133df89de8e576db58c2d02b673f.png?width=1200&#x26;format=pjpg&#x26;optimize=medium\">\n    <meta property=\"og:image:alt\" content=\"Picture\">\n    <meta name=\"twitter:card\" content=\"summary_large_image\">\n    <meta name=\"twitter:title\" content=\"PfizerForAll™ | Official Site\">\n    <meta name=\"twitter:description\" content=\"Discover information about COVID-19, flu, migraine, and vaccines, plus get answers and access to care - all in one place.\">\n    <meta name=\"twitter:image\" content=\"https://www.pfizerforall.com/media_1cd4a4afc4072133df89de8e576db58c2d02b673f.png?width=1200&#x26;format=pjpg&#x26;optimize=medium\">\n    <meta name=\"ext-popup\" content=\"off\">\n    <meta name=\"referrer\" content=\"origin\">\n    <meta name=\"return-to-site-dialog\" content=\"off\">\n    <meta name=\"sticky-popup-timeout\" content=\"0\">\n    <meta name=\"sticky-popup-timeout-for-consent\" content=\"6000\">\n    <meta name=\"experiment\" content=\"pfa-landing-experiment\">\n    <meta name=\"experiment-variants\" content=\"https://pfizerforallcomus-main-page.web.pfizer/global/experiments/pfa-landing-experiment/challenger-1\">\n    <meta name=\"white-hamburger\" content=\"yes\">\n    <script type=\"application/ld+json\">{\n  \"@context\": \"https://schema.org\",\n  \"@graph\": [\n    {\n      \"@type\": \"Organization\",\n      \"@id\": \"https://www.pfizerforall.com/#organization\",\n      \"name\": \"Pfizer Inc.\",\n      \"url\": \"https://www.pfizerforall.com/\",\n      \"logo\": \"https://www.pfizer.com/profiles/pfecpfizercomus_profile/themes/pfecpfizercomus/public/assets/images/logo-blue.svg\"\n    },\n    {\n      \"@type\": \"WebSite\",\n      \"@id\": \"https://www.pfizerforall.com/#website\",\n      \"name\": \"PfizerForAll™ | Official Site\",\n      \"url\": \"https://www.pfizerforall.com/\",\n      \"description\": \"Discover information about COVID‑19, flu, migraine, and vaccines, plus get answers and access to care – all in one place.\",\n      \"publisher\": {\n        \"@id\": \"https://www.pfizerforall.com/#organization\"\n      },\n      \"inLanguage\": \"en\"\n    },\n    {\n      \"@type\": \"MedicalCondition\",\n      \"@id\": \"https://www.pfizerforall.com/#condition\",\n      \"name\": \"COVID-19, flu, migraine, and vaccines\",\n      \"description\": \"Discover information about COVID-19, flu, migraine, and vaccines, plus get answers and access to care - all in one place.\",\n      \"url\": \"https://www.pfizerforall.com/\"\n    },\n    {\n      \"@type\": \"MedicalWebPage\",\n      \"@id\": \"https://www.pfizerforall.com/#webpage\",\n      \"url\": \"https://www.pfizerforall.com/\",\n      \"name\": \"PfizerForAll™ | Official Site\",\n      \"headline\": \"What do you want to do today?\",\n      \"description\": \"Stay on top of your health. A few simple questions can keep you informed and in control.\",\n      \"author\": {\n        \"@id\": \"https://www.pfizerforall.com/#organization\"\n      },\n      \"publisher\": {\n        \"@id\": \"https://www.pfizerforall.com/#organization\"\n      },\n      \"isPartOf\": {\n        \"@id\": \"https://www.pfizerforall.com/#website\"\n      },\n      \"about\": [\n        {\n          \"@id\": \"https://www.pfizerforall.com/#condition\"\n        }\n      ],\n      \"audience\": \"https://health-lifesci.schema.org/Patient\",\n      \"inLanguage\": \"en\"\n    }\n  ]\n}</script>\n    <meta name=\"viewport\" content=\"width=device-width, initial-scale=1\">\n    <script src=\"/scripts/scripts.js\" type=\"module\"></script>\n    <link rel=\"stylesheet\" href=\"/styles/styles.css\">\n  </head>\n  <body>\n    <header></header>\n    <main>\n      <div>\n        <div class=\"embed embed-internal pfa-hero\">\n          <div>\n            <div>\n              <p><a href=\"/assets/home/embed/pduixAPVmut.js\">https://pfizerforallcomus-main-page.web.pfizer/assets/home/embed/pduixAPVmut.js</a></p>\n              <p>\n                <picture>\n                  <source type=\"image/webp\" srcset=\"./media_1cd4a4afc4072133df89de8e576db58c2d02b673f.png?width=2000&#x26;format=webply&#x26;optimize=medium\" media=\"(min-width: 600px)\">\n                  <source type=\"image/webp\" srcset=\"./media_1cd4a4afc4072133df89de8e576db58c2d02b673f.png?width=750&#x26;format=webply&#x26;optimize=medium\">\n                  <source type=\"image/png\" srcset=\"./media_1cd4a4afc4072133df89de8e576db58c2d02b673f.png?width=2000&#x26;format=png&#x26;optimize=medium\" media=\"(min-width: 600px)\">\n                  <img loading=\"lazy\" alt=\"Picture\" src=\"./media_1cd4a4afc4072133df89de8e576db58c2d02b673f.png?width=750&#x26;format=png&#x26;optimize=medium\" width=\"603\" height=\"318\">\n                </picture>\n              </p>\n            </div>\n          </div>\n          <div>\n            <div>target</div>\n            <div>.pfa-hero</div>\n          </div>\n          <div>\n            <div>Vev-initial-setup</div>\n            <div>{<br>\"n-O1u5L5HU1W\": 0,<br>\"n-REr6HRxsFV\": 1,<br>\"n-6xqJVFODuv\": 10,<br>\"t-HncvlyAX31\": \"Welcome\",<br>\"t-CzGkMy1dqg\": \"This is just a dummy text\",<br>\"t-6mLYbYGTI1\": \"Slide 2\",<br>\"t-iDG0FTWl2d\": \"Slide 3\",<br>\"t-nXABclOjND\": \"Slide 4\",<br>\"t-0bZaiXHcIz\": \"Slide 5\",<br>\"t-yeRbS1F9gm\": \"Slide 6\",<br>\"t-dFMFRDqzuJ\": \"Slide 7\",<br>\"t-F7W-j89Vb5\": \"Slide 8\",<br>\"t-Yv_2bav2x7\": \"Slide 9\",<br>\"t-vJdgU8kMqj\": \"Slide 10\",<br>\"t-be1QJenLBD\": \"TBD\",<br>\"t-VUJbd7W1uv\": \"TBD\"<br>}</div>\n          </div>\n        </div>\n        <div class=\"section-metadata\">\n          <div>\n            <div>Style</div>\n            <div>transparent-header</div>\n          </div>\n        </div>\n      </div>\n      <div>\n        <div class=\"columns focus-home\">\n          <div>\n            <div>\n              <h2 id=\"help-when-you-need-it\">Help when you need it</h2>\n              <h3 id=\"arrow-down-cc-scroll-for-more\"><del><span class=\"icon icon-arrow-down-cc\"></span>Scroll for more</del></h3>\n            </div>\n            <div>\n              <h4 id=\"heart-home-get-answers-and-clarity-with-health-articles-faqs-and-patient-stories\"><span class=\"icon icon-heart-home\"></span>Get answers and clarity with health articles, FAQs, and patient stories.</h4>\n              <h4 id=\"survey-home-help-protect-your-familys-health-with-quizzes-guides-and-more\"><span class=\"icon icon-survey-home\"></span>Help protect your family's health with quizzes, guides, and more.</h4>\n              <h4 id=\"search-home-get-care-todayconnect-to-doctors-specialists-and-vaccination-locations-in-one-place\"><span class=\"icon icon-search-home\"></span>Get care today—connect to doctors, specialists, and vaccination locations in one place.</h4>\n              <p>Choose your focus area to explore<span class=\"icon icon-caret-down\"></span></p>\n              <ul>\n                <li><a href=\"/vaccines/\">Vaccines</a></li>\n                <li><a href=\"/covid-19/\">COVID-19</a></li>\n                <li><a href=\"/migraine/\">Migraine</a></li>\n                <li><a href=\"/menopause\">Menopause</a></li>\n                <li><a href=\"/attr-cm/\">ATTR-CM</a></li>\n              </ul>\n            </div>\n          </div>\n        </div>\n        <div class=\"section-metadata\">\n          <div>\n            <div>Style</div>\n            <div>focus-home</div>\n          </div>\n        </div>\n      </div>\n      <div>\n        <h2 id=\"discover-health-topics\">Discover health topics</h2>\n        <div class=\"cards horizontal-scroll body-cards disable-hover-effect vaccine-hero-cards-a\">\n          <div>\n            <div data-valign=\"middle\">\n              <picture>\n                <source type=\"image/webp\" srcset=\"./media_1be5b6cc075c5802ac2b80ee66421feaf35b17404.png?width=2000&#x26;format=webply&#x26;optimize=medium\" media=\"(min-width: 600px)\">\n                <source type=\"image/webp\" srcset=\"./media_1be5b6cc075c5802ac2b80ee66421feaf35b17404.png?width=750&#x26;format=webply&#x26;optimize=medium\">\n                <source type=\"image/png\" srcset=\"./media_1be5b6cc075c5802ac2b80ee66421feaf35b17404.png?width=2000&#x26;format=png&#x26;optimize=medium\" media=\"(min-width: 600px)\">\n                <img loading=\"lazy\" alt=\"\" src=\"./media_1be5b6cc075c5802ac2b80ee66421feaf35b17404.png?width=750&#x26;format=png&#x26;optimize=medium\" width=\"1239\" height=\"1795\">\n              </picture>\n            </div>\n            <div data-valign=\"middle\">\n              <h3 id=\"vaccines\">Vaccines</h3>\n              <p>Learn more about specific vaccines.</p>\n              <p><strong><a href=\"/vaccines\">vaccines</a></strong></p>\n            </div>\n          </div>\n          <div>\n            <div data-valign=\"middle\">\n              <picture>\n                <source type=\"image/webp\" srcset=\"./media_12ebbd0ab4eb3bad1c1d5f5899bd9179f441546a2.png?width=2000&#x26;format=webply&#x26;optimize=medium\" media=\"(min-width: 600px)\">\n                <source type=\"image/webp\" srcset=\"./media_12ebbd0ab4eb3bad1c1d5f5899bd9179f441546a2.png?width=750&#x26;format=webply&#x26;optimize=medium\">\n                <source type=\"image/png\" srcset=\"./media_12ebbd0ab4eb3bad1c1d5f5899bd9179f441546a2.png?width=2000&#x26;format=png&#x26;optimize=medium\" media=\"(min-width: 600px)\">\n                <img loading=\"lazy\" alt=\"\" src=\"./media_12ebbd0ab4eb3bad1c1d5f5899bd9179f441546a2.png?width=750&#x26;format=png&#x26;optimize=medium\" width=\"1239\" height=\"1795\">\n              </picture>\n            </div>\n            <div data-valign=\"middle\">\n              <h3 id=\"covid-19\">COVID-19</h3>\n              <p>Learn why testing and early treatment matters.</p>\n              <p><strong><a href=\"/covid-19/\">Covid-19</a></strong></p>\n            </div>\n          </div>\n          <div>\n            <div data-valign=\"middle\">\n              <picture>\n                <source type=\"image/webp\" srcset=\"./media_17a7eb7d96c8d159d72a015972e4a5384429a0059.png?width=2000&#x26;format=webply&#x26;optimize=medium\" media=\"(min-width: 600px)\">\n                <source type=\"image/webp\" srcset=\"./media_17a7eb7d96c8d159d72a015972e4a5384429a0059.png?width=750&#x26;format=webply&#x26;optimize=medium\">\n                <source type=\"image/png\" srcset=\"./media_17a7eb7d96c8d159d72a015972e4a5384429a0059.png?width=2000&#x26;format=png&#x26;optimize=medium\" media=\"(min-width: 600px)\">\n                <img loading=\"lazy\" alt=\"\" src=\"./media_17a7eb7d96c8d159d72a015972e4a5384429a0059.png?width=750&#x26;format=png&#x26;optimize=medium\" width=\"1239\" height=\"1795\">\n              </picture>\n            </div>\n            <div data-valign=\"middle\">\n              <h3 id=\"migraine\">Migraine</h3>\n              <p>Explore science, diagnosis, and treatment information.</p>\n              <p><strong><a href=\"/migraine/\">Migraine</a></strong></p>\n            </div>\n          </div>\n          <div>\n            <div data-valign=\"middle\">\n              <picture>\n                <source type=\"image/webp\" srcset=\"./media_1abea121d50f2f9e09d6d8bf5ac333317f8726853.png?width=2000&#x26;format=webply&#x26;optimize=medium\" media=\"(min-width: 600px)\">\n                <source type=\"image/webp\" srcset=\"./media_1abea121d50f2f9e09d6d8bf5ac333317f8726853.png?width=750&#x26;format=webply&#x26;optimize=medium\">\n                <source type=\"image/png\" srcset=\"./media_1abea121d50f2f9e09d6d8bf5ac333317f8726853.png?width=2000&#x26;format=png&#x26;optimize=medium\" media=\"(min-width: 600px)\">\n                <img loading=\"lazy\" alt=\"\" src=\"./media_1abea121d50f2f9e09d6d8bf5ac333317f8726853.png?width=750&#x26;format=png&#x26;optimize=medium\" width=\"1239\" height=\"1795\">\n              </picture>\n            </div>\n            <div data-valign=\"middle\">\n              <h3 id=\"menopause\">Menopause</h3>\n              <p>Navigate symptoms and what to expect.</p>\n              <p><strong><a href=\"/menopause\">Menopause</a></strong></p>\n            </div>\n          </div>\n          <div>\n            <div data-valign=\"middle\">\n              <picture>\n                <source type=\"image/webp\" srcset=\"./media_121be00bf6ffea5e7f09fc2391c54d45477f12530.png?width=2000&#x26;format=webply&#x26;optimize=medium\" media=\"(min-width: 600px)\">\n                <source type=\"image/webp\" srcset=\"./media_121be00bf6ffea5e7f09fc2391c54d45477f12530.png?width=750&#x26;format=webply&#x26;optimize=medium\">\n                <source type=\"image/png\" srcset=\"./media_121be00bf6ffea5e7f09fc2391c54d45477f12530.png?width=2000&#x26;format=png&#x26;optimize=medium\" media=\"(min-width: 600px)\">\n                <img loading=\"lazy\" alt=\"\" src=\"./media_121be00bf6ffea5e7f09fc2391c54d45477f12530.png?width=750&#x26;format=png&#x26;optimize=medium\" width=\"1239\" height=\"1795\">\n              </picture>\n            </div>\n            <div data-valign=\"middle\">\n              <h3 id=\"attr-cm\">ATTR-CM</h3>\n              <p>Understand the signs of this serious heart condition.</p>\n              <p><strong><a href=\"/attr-cm\">Attr-cm</a></strong></p>\n            </div>\n          </div>\n        </div>\n        <div class=\"columns scroll-buttons\">\n          <div>\n            <div><span class=\"icon icon-leftarrow-primary\"></span></div>\n            <div><span class=\"icon icon-rightarrow-primary\"></span></div>\n          </div>\n        </div>\n        <div class=\"section-metadata\">\n          <div>\n            <div>style</div>\n            <div>cards-carousel, vaccine-hero-cards, vaccine-hero-cards-a, cc-hero, section-bg-gray, status-bar-light</div>\n          </div>\n        </div>\n      </div>\n      <div>\n        <div class=\"columns img-left call mob-btn-full-width\">\n          <div>\n            <div data-valign=\"middle\">\n              <picture>\n                <source type=\"image/webp\" srcset=\"./media_100d1bf136f13ff57bed41bd68eb7a08fae851ff6.png?width=2000&#x26;format=webply&#x26;optimize=medium\" media=\"(min-width: 600px)\">\n                <source type=\"image/webp\" srcset=\"./media_100d1bf136f13ff57bed41bd68eb7a08fae851ff6.png?width=750&#x26;format=webply&#x26;optimize=medium\">\n                <source type=\"image/png\" srcset=\"./media_100d1bf136f13ff57bed41bd68eb7a08fae851ff6.png?width=2000&#x26;format=png&#x26;optimize=medium\" media=\"(min-width: 600px)\">\n                <img loading=\"lazy\" alt=\"\" src=\"./media_100d1bf136f13ff57bed41bd68eb7a08fae851ff6.png?width=750&#x26;format=png&#x26;optimize=medium\" width=\"630\" height=\"631\">\n              </picture>\n            </div>\n            <div data-valign=\"middle\">\n              <h2 id=\"were-committed-to-helping-you-afford-your-pfizer-medications\">We’re committed to helping you <strong>afford</strong> your Pfizer medications.</h2>\n              <p>From co-pay cards to assistance with information on the prior authorization process, we’re here to help with your prescribed Pfizer medications. And if you’re eligible for our programs, we can also help you get access to your prescribed medications regardless of income.</p>\n              <p><a href=\"/prescription-assistance\">Get started</a></p>\n            </div>\n          </div>\n        </div>\n        <div class=\"section-metadata\">\n          <div>\n            <div>Style</div>\n            <div>vaccines-2-col, top-padding, sec-bg-lightblue</div>\n          </div>\n          <div>\n            <div>Section-name</div>\n            <div>prescription</div>\n          </div>\n        </div>\n      </div>\n      <div>\n        <div class=\"columns img-right call para-size first-after-floating-cta no-extlink-icon mob-btn-full-width\">\n          <div>\n            <div data-valign=\"middle\">\n              <h2 id=\"answers-to-your-health--wellness-questions\">Answers to your <strong>health &#x26; wellness</strong> questions</h2>\n              <p>Health Answers by Pfizer is AI-powered and designed to answer your health and wellness questions. Answers are curated for you from trustworthy independent sources. Health Answers by Pfizer is separate from Pfizer’s pharmaceutical business and does not promote Pfizer products.</p>\n              <p><a href=\"https://healthanswers.pfizer.com/\">Ask a question</a></p>\n            </div>\n            <div data-valign=\"middle\">\n              <picture>\n                <source type=\"image/webp\" srcset=\"./media_1caeefa1285313ba86a5dff6f0916c7a1d109994a.png?width=2000&#x26;format=webply&#x26;optimize=medium\" media=\"(min-width: 600px)\">\n                <source type=\"image/webp\" srcset=\"./media_1caeefa1285313ba86a5dff6f0916c7a1d109994a.png?width=750&#x26;format=webply&#x26;optimize=medium\">\n                <source type=\"image/png\" srcset=\"./media_1caeefa1285313ba86a5dff6f0916c7a1d109994a.png?width=2000&#x26;format=png&#x26;optimize=medium\" media=\"(min-width: 600px)\">\n                <img loading=\"lazy\" alt=\"\" src=\"./media_1caeefa1285313ba86a5dff6f0916c7a1d109994a.png?width=750&#x26;format=png&#x26;optimize=medium\" width=\"630\" height=\"631\">\n              </picture>\n            </div>\n          </div>\n        </div>\n        <div class=\"section-metadata\">\n          <div>\n            <div>Style</div>\n            <div>vaccines-2-col, top-padding, section-bg-white, health-wellness</div>\n          </div>\n          <div>\n            <div>id</div>\n            <div>health-wellness</div>\n          </div>\n        </div>\n      </div>\n      <div>\n        <div class=\"sticky-popup columns no-external-link-icon covid\">\n          <div>\n            <div>\n              <picture>\n                <source type=\"image/webp\" srcset=\"./media_11052817321101b5ec4c3297dc0c8e4f0b5794af7.png?width=2000&#x26;format=webply&#x26;optimize=medium\" media=\"(min-width: 600px)\">\n                <source type=\"image/webp\" srcset=\"./media_11052817321101b5ec4c3297dc0c8e4f0b5794af7.png?width=750&#x26;format=webply&#x26;optimize=medium\">\n                <source type=\"image/png\" srcset=\"./media_11052817321101b5ec4c3297dc0c8e4f0b5794af7.png?width=2000&#x26;format=png&#x26;optimize=medium\" media=\"(min-width: 600px)\">\n                <img loading=\"lazy\" alt=\"\" src=\"./media_11052817321101b5ec4c3297dc0c8e4f0b5794af7.png?width=750&#x26;format=png&#x26;optimize=medium\" width=\"106\" height=\"184\">\n              </picture>\n            </div>\n            <div>\n              <p><sup>New</sup></p>\n              <h2 id=\"explore-eligibility-and-schedule-today-on-vaxassist\">Explore eligibility and schedule today on VaxAssist.</h2>\n              <p><a href=\"https://www.vaxassist.com/pfizer-for-all/schedule\">Book now</a></p>\n              <p><strong><a href=\"https://www.vaxassist.com/pfizer-for-all/eligibility\">Explore</a></strong></p>\n            </div>\n          </div>\n        </div>\n      </div>\n    </main>\n    <footer></footer>\n  </body>\n</html>\n",
    "headers": "date: Tue, 04 Nov 2025 11:51:42 GMT\ncontent-type: text/html; charset=utf-8\ncontent-encoding: gzip\ncf-ray: 9993e6a75d33d7d2-BOM\ncf-cache-status: HIT\naccess-control-allow-origin: *\ncache-control: max-age=14400, must-revalidate\nlast-modified: Tue, 04 Nov 2025 06:10:17 GMT\nstrict-transport-security: max-age=31536000; includeSubdomains; preload\nvary: Accept-Encoding,X-Forwarded-Host\nvia: 1.1 varnish, 1.1 varnish, 1.1 varnish\ncdn-cache-control: max-age=172800, must-revalidate\ncontent-security-policy: connect-src 'self' *.brightcove.com *.brightcove.net *.brightcovecdn.com *.contentsquare.net *.decibel.com *.decibelinsight.net *.demdex.net *.digitalpfizer.com *.doctor.com *.doubleclick.net *.evidon.com *.facebook.com *.force.com *.franklin.edison.pfizer *.google.com *.hapyak.com *.hlx.reviews/admin/ *.hotjar.com *.hotjar.io *.pinterest.com *.redditstatic.com *.salesforce-sites.com *.snapchat.com *.web.pfizer *.worker.pfizer admin.hlx.page analytics.tiktok.com api-iam.intercom.io api.neverbounce.com brightcove.hs.llnwd.net cdn.cookielaw.org collection.decibelinsight.net conversions-config.reddit.com det-ms-config-manager.s3.amazonaws.com/ directory-service.consumerism.pressganey.com directory-service.ls.consumerism.pressganey.com docfinderpfizerforallcom-dev.pfizerstatic.io dpm.demdex.net edge.adobedc.net einstein-cdn-stage.pfizer.com embed.vev.page geoip-js.com geolocation.onetrust.com/ googleadservices.com helix-pages.anywhere.run insight.adsrvr.org interactive-private.digitalpfizer.com interactive-protected.digitalpfizer.com interactive.digitalpfizer.com manifest.prod.boltdns.net maps.googleapis.com mboxedge34.tt.omtrdc.net pagead2.googlesyndication.com pfa.digitalpfizer.com pfizer-privacy.my.onetrust.com/ pfizer.cloudflareaccess.com pfizer.sc.omtrdc.net pfizer.tt.omtrdc.net pixel-config.reddit.com places.googleapis.com resources.digital-cloud.medallia.eu rum.hlx.live/.rum. rum.hlx.page/.rum/ smetrics.pfizerforall.com tagmanager.google.com tr.snapchat.com udc-neb.kampyle.com uploads.interactivity.brightcove.com uploads.intercomcdn.com wss: www.aem.live www.doctor.com www.google-analytics.com www.hlx.live www.interactivemanager.pfizer; script-src 'self' 'unsafe-eval' 'unsafe-inline' *.cloudfront.net/js/hapyak.js *.decibel.com *.decibelinsight.net *.digitalpfizer.com *.dotomi.com *.facebook.com *.force.com *.franklin.edison.pfizer *.hotjar.com *.pinterest.com *.redditstatic.com *.salesforce-sites.com *.salesforce.com *.salesforceliveagent.com *.snapchat.com activitymap.adobe.com/sc15/activitymap/ aim-tag.hcn.health/js/ analytics.tiktok.com api.neverbounce.com assets.adobedtm.com c.evidon.com cdn.cookielaw.org cdn.decibelinsight.net cdn.di-capt.com cdn.jsdelivr.net cdn.neverbounce.com/widget/dist/NeverBounce.js cdn.vev.design code.jquery.com connect.facebook.net einstein-cdn-dev.pfizer.com einstein-cdn-stage.pfizer.com einstein-cdn.pfizer.com embded.vev.page embed.vev.page evidon.com geoip-js.com geolocation.onetrust.com/ helix-pages.anywhere.run interactive-private.digitalpfizer.com interactive-protected.digitalpfizer.com interactive.digitalpfizer.com js.adsrvr.org/ js.intercomcdn.com js.intercomcdn.com/ js.vev.design maps.googleapis.com player.interactivity.brightcove.com/ players.brightcove.net resources.digital-cloud.medallia.eu rum.hlx.live/.rum/ rum.hlx.page/.rum/ s.pinimg.com sc-static.net sdc-ibfw-portal.pfizer.com static.cloudflareinsights.com t.contentsquare.net vjs.zencdn.net widget.doctor.com widget.intercom.io widget.intercom.io/ www.aem.live/tools/sidekick/library/ www.google-analytics.com www.google.com www.googletagmanager.com www.gstatic.com www.hlx.live/tools/sidekick/library/ www.interactivemanager.pfizer www.youtube.com www.youtube.com/iframe_api; frame-src 'self' *.decibel.com *.decibelinsight.net *.doctor.com *.fls.doubleclick.net *.force.com *.hapyak-hosted.com *.hapyak.com *.pinterest.com *.redditstatic.com *.salesforce.com *.snapchat.com activitymap.adobe.com/sc15/activitymap/ aim-tag.hcn.health/ fast.pfizer.demdex.net forms.office.com global.acs.prismaaccess.com hapyak-assets.s3.amazonaws.com insight.adsrvr.org interactive-private.digitalpfizer.com interactive-protected.digitalpfizer.com interactive.digitalpfizer.com interactivity-uploads.s3.us-east-1.amazonaws.com/ intercom-sheets.com l3.evidon.com match.adsrvr.org panpac.pfizer.com pdi.doctor.com pfizer.demdex.net players.brightcove.net read.marvel.com resources.digital-cloud.medallia.eu td.doubleclick.net/ tr.snapchat.com uploads.interactivity.brightcove.com web.microsoftstream.com webfiles.digitalpfizer.com webfiles.pfizer.com www.google.com www.interactivemanager.pfizer www.medtargetsystem.com/ www.youtube.com; default-src 'none'; style-src 'self' 'unsafe-inline' https:; font-src 'self' data: https:; img-src 'self' blob: data: https:; media-src 'self' *.media.brightcove.com blob: film.vev.design house-fastly-signed-eu-west-1-prod.brightcovecdn.com js.intercomcdn.com manifest.prod.boltdns.net secure.brightcove.com/services/mobile/streaming webfiles.digitalpfizer.com; frame-ancestors 'self' *.hapyak.com pfizer.cloudflareaccess.com pfizer.sharepoint.com; object-src 'self' players.brightcove.net; worker-src 'self' blob: unsafe-eval unsafe-inline; report-uri https://pfeprod.report-uri.com/r/t/csp/enforce\nreferrer-policy: same-origin\nx-cache: MISS, HIT, MISS\nx-cache-hits: 0, 6, 0\nx-cache-tag: v595--pfizerforallcomus--pfizer,EyZqVsC1h0CpLeUS,0280179e42dfb5da67434695ebf6894381249305cb41e765d8c6fbd89b8_metadata,v595--pfizerforallcomus--pfizer_head,0280179e42dfb5da67434695ebf6894381249305cb41e765d8c6fbd89b8,/\nx-content-type-options: nosniff\nx-edison-type: Adobe\nx-frame-options: SAMEORIGIN\nx-franklin-ref: v595\nx-served-by: cache-iad-kiad7000040-IAD, cache-iad-kiad7000040-IAD, cache-bom-vanm7210060-BOM\nx-timer: S1762243887.234010,VS0,VE0\nx-xss-protection: 1; mode=block\nset-cookie: __cf_bm=9Vky1l1SBnUVWZkfmkSRmfwxa43SgiqNswU1tRGZ988-1762257102-1.0.1.1-KDm1VZKD_bd_X2vVxelBENK9.FoF_K9e2XGUi.3e426B57JaR7rEpD0ZBpO5nvE1MudC97TD9UPqca7nMdgiE3eEhOz6s7xyFHZ5FCi0fN8; path=/; expires=Tue, 04-Nov-25 12:21:42 GMT; domain=.pfizerforall.com; HttpOnly; Secure; SameSite=None, _cfuvid=Q_s8sqF4G3JRGY7wgTyhbRxpwXoBBLDlEl1WJ1wJTmU-1762257102894-0.0.1.1-604800000; path=/; domain=.pfizerforall.com; HttpOnly; Secure; SameSite=None\nserver: cloudflare",
    "inline_js": [
      "{\n  \"@context\": \"https://schema.org\",\n  \"@graph\": [\n    {\n      \"@type\": \"Organization\",\n      \"@id\": \"https://www.pfizerforall.com/#organization\",\n      \"name\": \"Pfizer Inc.\",\n      \"url\": \"https://www.pfizerforall.com/\",\n      \"logo\": \"https://www.pfizer.com/profiles/pfecpfizercomus_profile/themes/pfecpfizercomus/public/assets/images/logo-blue.svg\"\n    },\n    {\n      \"@type\": \"WebSite\",\n      \"@id\": \"https://www.pfizerforall.com/#website\",\n      \"name\": \"PfizerForAll™ | Official Site\",\n      \"url\": \"https://www.pfizerforall.com/\",\n      \"description\": \"Discover information about COVID‑19, flu, migraine, and vaccines, plus get answers and access to care – all in one place.\",\n      \"publisher\": {\n        \"@id\": \"https://www.pfizerforall.com/#organization\"\n      },\n      \"inLanguage\": \"en\"\n    },\n    {\n      \"@type\": \"MedicalCondition\",\n      \"@id\": \"https://www.pfizerforall.com/#condition\",\n      \"name\": \"COVID-19, flu, migraine, and vaccines\",\n      \"description\": \"Discover information about COVID-19, flu, migraine, and vaccines, plus get answers and access to care - all in one place.\",\n      \"url\": \"https://www.pfizerforall.com/\"\n    },\n    {\n      \"@type\": \"MedicalWebPage\",\n      \"@id\": \"https://www.pfizerforall.com/#webpage\",\n      \"url\": \"https://www.pfizerforall.com/\",\n      \"name\": \"PfizerForAll™ | Official Site\",\n      \"headline\": \"What do you want to do today?\",\n      \"description\": \"Stay on top of your health. A few simple questions can keep you informed and in control.\",\n      \"author\": {\n        \"@id\": \"https://www.pfizerforall.com/#organization\"\n      },\n      \"publisher\": {\n        \"@id\": \"https://www.pfizerforall.com/#organization\"\n      },\n      \"isPartOf\": {\n        \"@id\": \"https://www.pfizerforall.com/#website\"\n      },\n      \"about\": [\n        {\n          \"@id\": \"https://www.pfizerforall.com/#condition\"\n        }\n      ],\n      \"audience\": \"https://health-lifesci.schema.org/Patient\",\n      \"inLanguage\": \"en\"\n    }\n  ]\n}"
    ],
    "script_src": [
      "/scripts/scripts.js"
    ],
    "meta": [
      "name=\"description\" content=\"Discover information about COVID-19, flu, migraine, and vaccines, plus get answers and access to care - all in one place.\"",
      "property=\"og:title\" content=\"PfizerForAll™ | Official Site\"",
      "property=\"og:description\" content=\"Discover information about COVID-19, flu, migraine, and vaccines, plus get answers and access to care - all in one place.\"",
      "property=\"og:url\" content=\"https://www.pfizerforall.com/\"",
      "property=\"og:image\" content=\"https://www.pfizerforall.com/media_1cd4a4afc4072133df89de8e576db58c2d02b673f.png?width=1200&format=pjpg&optimize=medium\"",
      "property=\"og:image:secure_url\" content=\"https://www.pfizerforall.com/media_1cd4a4afc4072133df89de8e576db58c2d02b673f.png?width=1200&format=pjpg&optimize=medium\"",
      "property=\"og:image:alt\" content=\"Picture\"",
      "name=\"twitter:card\" content=\"summary_large_image\"",
      "name=\"twitter:title\" content=\"PfizerForAll™ | Official Site\"",
      "name=\"twitter:description\" content=\"Discover information about COVID-19, flu, migraine, and vaccines, plus get answers and access to care - all in one place.\"",
      "name=\"twitter:image\" content=\"https://www.pfizerforall.com/media_1cd4a4afc4072133df89de8e576db58c2d02b673f.png?width=1200&format=pjpg&optimize=medium\"",
      "name=\"ext-popup\" content=\"off\"",
      "name=\"referrer\" content=\"origin\"",
      "name=\"return-to-site-dialog\" content=\"off\"",
      "name=\"sticky-popup-timeout\" content=\"0\"",
      "name=\"sticky-popup-timeout-for-consent\" content=\"6000\"",
      "name=\"experiment\" content=\"pfa-landing-experiment\"",
      "name=\"experiment-variants\" content=\"https://pfizerforallcomus-main-page.web.pfizer/global/experiments/pfa-landing-experiment/challenger-1\"",
      "name=\"white-hamburger\" content=\"yes\"",
      "name=\"viewport\" content=\"width=device-width, initial-scale=1\""
    ],
    "meta_names": [
      "description",
      "og:title",
      "og:description",
      "og:url",
      "og:image",
      "og:image:secure_url",
      "og:image:alt",
      "twitter:card",
      "twitter:title",
      "twitter:description",
      "twitter:image",
      "ext-popup",
      "referrer",
      "return-to-site-dialog",
      "sticky-popup-timeout",
      "sticky-popup-timeout-for-consent",
      "experiment",
      "experiment-variants",
      "white-hamburger",
      "viewport"
    ],
    "meta_content": [
      "Discover information about COVID-19, flu, migraine, and vaccines, plus get answers and access to care - all in one place.",
      "PfizerForAll™ | Official Site",
      "Discover information about COVID-19, flu, migraine, and vaccines, plus get answers and access to care - all in one place.",
      "https://www.pfizerforall.com/",
      "https://www.pfizerforall.com/media_1cd4a4afc4072133df89de8e576db58c2d02b673f.png?width=1200&format=pjpg&optimize=medium",
      "https://www.pfizerforall.com/media_1cd4a4afc4072133df89de8e576db58c2d02b673f.png?width=1200&format=pjpg&optimize=medium",
      "Picture",
      "summary_large_image",
      "PfizerForAll™ | Official Site",
      "Discover information about COVID-19, flu, migraine, and vaccines, plus get answers and access to care - all in one place.",
      "https://www.pfizerforall.com/media_1cd4a4afc4072133df89de8e576db58c2d02b673f.png?width=1200&format=pjpg&optimize=medium",
      "off",
      "origin",
      "off",
      "0",
      "6000",
      "pfa-landing-experiment",
      "https://pfizerforallcomus-main-page.web.pfizer/global/experiments/pfa-landing-experiment/challenger-1",
      "yes",
      "width=device-width, initial-scale=1"
    ],
    "links": [
      "https://www.pfizerforall.com/",
      "/styles/styles.css"
    ],
    "cookies": [
      "__cf_bm=9Vky1l1SBnUVWZkfmkSRmfwxa43SgiqNswU1tRGZ988-1762257102-1.0.1.1-KDm1VZKD_bd_X2vVxelBENK9.FoF_K9e2XGUi.3e426B57JaR7rEpD0ZBpO5nvE1MudC97TD9UPqca7nMdgiE3eEhOz6s7xyFHZ5FCi0fN8; path=/; expires=Tue, 04-Nov-25 12:21:42 GMT; domain=.pfizerforall.com; HttpOnly; Secure; SameSite=None, _cfuvid=Q_s8sqF4G3JRGY7wgTyhbRxpwXoBBLDlEl1WJ1wJTmU-1762257102894-0.0.1.1-604800000; path=/; domain=.pfizerforall.com; HttpOnly; Secure; SameSite=None"
    ],
    "csp": "connect-src 'self' *.brightcove.com *.brightcove.net *.brightcovecdn.com *.contentsquare.net *.decibel.com *.decibelinsight.net *.demdex.net *.digitalpfizer.com *.doctor.com *.doubleclick.net *.evidon.com *.facebook.com *.force.com *.franklin.edison.pfizer *.google.com *.hapyak.com *.hlx.reviews/admin/ *.hotjar.com *.hotjar.io *.pinterest.com *.redditstatic.com *.salesforce-sites.com *.snapchat.com *.web.pfizer *.worker.pfizer admin.hlx.page analytics.tiktok.com api-iam.intercom.io api.neverbounce.com brightcove.hs.llnwd.net cdn.cookielaw.org collection.decibelinsight.net conversions-config.reddit.com det-ms-config-manager.s3.amazonaws.com/ directory-service.consumerism.pressganey.com directory-service.ls.consumerism.pressganey.com docfinderpfizerforallcom-dev.pfizerstatic.io dpm.demdex.net edge.adobedc.net einstein-cdn-stage.pfizer.com embed.vev.page geoip-js.com geolocation.onetrust.com/ googleadservices.com helix-pages.anywhere.run insight.adsrvr.org interactive-private.digitalpfizer.com interactive-protected.digitalpfizer.com interactive.digitalpfizer.com manifest.prod.boltdns.net maps.googleapis.com mboxedge34.tt.omtrdc.net pagead2.googlesyndication.com pfa.digitalpfizer.com pfizer-privacy.my.onetrust.com/ pfizer.cloudflareaccess.com pfizer.sc.omtrdc.net pfizer.tt.omtrdc.net pixel-config.reddit.com places.googleapis.com resources.digital-cloud.medallia.eu rum.hlx.live/.rum. rum.hlx.page/.rum/ smetrics.pfizerforall.com tagmanager.google.com tr.snapchat.com udc-neb.kampyle.com uploads.interactivity.brightcove.com uploads.intercomcdn.com wss: www.aem.live www.doctor.com www.google-analytics.com www.hlx.live www.interactivemanager.pfizer; script-src 'self' 'unsafe-eval' 'unsafe-inline' *.cloudfront.net/js/hapyak.js *.decibel.com *.decibelinsight.net *.digitalpfizer.com *.dotomi.com *.facebook.com *.force.com *.franklin.edison.pfizer *.hotjar.com *.pinterest.com *.redditstatic.com *.salesforce-sites.com *.salesforce.com *.salesforceliveagent.com *.snapchat.com activitymap.adobe.com/sc15/activitymap/ aim-tag.hcn.health/js/ analytics.tiktok.com api.neverbounce.com assets.adobedtm.com c.evidon.com cdn.cookielaw.org cdn.decibelinsight.net cdn.di-capt.com cdn.jsdelivr.net cdn.neverbounce.com/widget/dist/NeverBounce.js cdn.vev.design code.jquery.com connect.facebook.net einstein-cdn-dev.pfizer.com einstein-cdn-stage.pfizer.com einstein-cdn.pfizer.com embded.vev.page embed.vev.page evidon.com geoip-js.com geolocation.onetrust.com/ helix-pages.anywhere.run interactive-private.digitalpfizer.com interactive-protected.digitalpfizer.com interactive.digitalpfizer.com js.adsrvr.org/ js.intercomcdn.com js.intercomcdn.com/ js.vev.design maps.googleapis.com player.interactivity.brightcove.com/ players.brightcove.net resources.digital-cloud.medallia.eu rum.hlx.live/.rum/ rum.hlx.page/.rum/ s.pinimg.com sc-static.net sdc-ibfw-portal.pfizer.com static.cloudflareinsights.com t.contentsquare.net vjs.zencdn.net widget.doctor.com widget.intercom.io widget.intercom.io/ www.aem.live/tools/sidekick/library/ www.google-analytics.com www.google.com www.googletagmanager.com www.gstatic.com www.hlx.live/tools/sidekick/library/ www.interactivemanager.pfizer www.youtube.com www.youtube.com/iframe_api; frame-src 'self' *.decibel.com *.decibelinsight.net *.doctor.com *.fls.doubleclick.net *.force.com *.hapyak-hosted.com *.hapyak.com *.pinterest.com *.redditstatic.com *.salesforce.com *.snapchat.com activitymap.adobe.com/sc15/activitymap/ aim-tag.hcn.health/ fast.pfizer.demdex.net forms.office.com global.acs.prismaaccess.com hapyak-assets.s3.amazonaws.com insight.adsrvr.org interactive-private.digitalpfizer.com interactive-protected.digitalpfizer.com interactive.digitalpfizer.com interactivity-uploads.s3.us-east-1.amazonaws.com/ intercom-sheets.com l3.evidon.com match.adsrvr.org panpac.pfizer.com pdi.doctor.com pfizer.demdex.net players.brightcove.net read.marvel.com resources.digital-cloud.medallia.eu td.doubleclick.net/ tr.snapchat.com uploads.interactivity.brightcove.com web.microsoftstream.com webfiles.digitalpfizer.com webfiles.pfizer.com www.google.com www.interactivemanager.pfizer www.medtargetsystem.com/ www.youtube.com; default-src 'none'; style-src 'self' 'unsafe-inline' https:; font-src 'self' data: https:; img-src 'self' blob: data: https:; media-src 'self' *.media.brightcove.com blob: film.vev.design house-fastly-signed-eu-west-1-prod.brightcovecdn.com js.intercomcdn.com manifest.prod.boltdns.net secure.brightcove.com/services/mobile/streaming webfiles.digitalpfizer.com; frame-ancestors 'self' *.hapyak.com pfizer.cloudflareaccess.com pfizer.sharepoint.com; object-src 'self' players.brightcove.net; worker-src 'self' blob: unsafe-eval unsafe-inline; report-uri https://pfeprod.report-uri.com/r/t/csp/enforce"
  },
  "enrichment": {
    "ips": [
      "172.64.152.106",
      "104.18.35.150"
    ],
    "cnames": [
      "www.pfizerforall.com.cdn.cloudflare.net"
    ],
    "tls": {
      "subject": "CN=pfizerforall.com",
      "issuer": "CN=WE1,O=Google Trust Services,C=US",
      "not_before": "2025-10-16T08:16:23",
      "not_after": "2026-01-14T09:16:00",
      "san": [
        "pfizerforall.com",
        "www.pfizerforall.com"
      ]
    },
    "whois": {
      "domain_name": "PFIZERFORALL.COM",
      "registrar": "NOM-IQ Ltd dba Com Laude",
      "registrar_url": [
        "http://www.comlaude.com",
        "https://www.comlaude.com"
      ],
      "reseller": null,
      "whois_server": "whois.comlaude.com",
      "referral_url": null,
      "updated_date": [
        "2024-11-13T23:41:09+00:00",
        "2025-10-08T12:44:46+00:00"
      ],
      "creation_date": "2023-12-13T16:54:29+00:00",
      "expiration_date": [
        "2025-12-13T16:54:29+00:00",
        "2025-12-13T00:00:00+00:00"
      ],
      "name_servers": [
        "NS1.P201.DNS.ORACLECLOUD.NET",
        "NS2.P201.DNS.ORACLECLOUD.NET",
        "NS3.P201.DNS.ORACLECLOUD.NET",
        "NS4.P201.DNS.ORACLECLOUD.NET"
      ],
      "status": [
        "clientDeleteProhibited https://icann.org/epp#clientDeleteProhibited",
        "clientTransferProhibited https://icann.org/epp#clientTransferProhibited",
        "clientUpdateProhibited https://icann.org/epp#clientUpdateProhibited",
        "clientDeleteProhibited https://www.icann.org/epp#clientDeleteProhibited",
        "clientTransferProhibited https://www.icann.org/epp#clientTransferProhibited",
        "clientUpdateProhibited https://www.icann.org/epp#clientUpdateProhibited"
      ],
      "emails": [
        "abuse@comlaude.com",
        "domainregistrations@pfizer.com"
      ],
      "dnssec": "unsigned",
      "name": "Domain Registrations",
      "org": "Pfizer Inc.",
      "address": "66 Hudson Boulevard East",
      "city": "New York",
      "state": "NY",
      "registrant_postal_code": "10001-2192",
      "country": "US",
      "tech_name": "Domain Registrations",
      "tech_org": "Pfizer Inc.",
      "admin_name": "Domain Registrations",
      "admin_org": "Pfizer Inc."
    },
    "asn": {
      "asn": "13335",
      "asn_cidr": "172.64.152.0/24",
      "network": {
        "handle": "NET-172-64-0-0-1",
        "status": [
          "active"
        ],
        "remarks": [
          {
            "title": "Registration Comments",
            "description": "All Cloudflare abuse reporting can be done via https://www.cloudflare.com/abuse\nGeofeed: https://api.cloudflare.com/local-ip-ranges.csv",
            "links": null
          }
        ],
        "notices": [
          {
            "title": "Terms of Service",
            "description": "By using the ARIN RDAP/Whois service, you are agreeing to the RDAP/Whois Terms of Use",
            "links": [
              "https://www.arin.net/resources/registry/whois/tou/"
            ]
          },
          {
            "title": "Whois Inaccuracy Reporting",
            "description": "If you see inaccuracies in the results, please visit: ",
            "links": [
              "https://www.arin.net/resources/registry/whois/inaccuracy_reporting/"
            ]
          },
          {
            "title": "Copyright Notice",
            "description": "Copyright 1997-2025, American Registry for Internet Numbers, Ltd.",
            "links": null
          }
        ],
        "links": [
          "https://rdap.arin.net/registry/ip/172.64.0.0",
          "https://whois.arin.net/rest/net/NET-172-64-0-0-1"
        ],
        "events": [
          {
            "action": "last changed",
            "timestamp": "2024-09-04T07:54:28-04:00",
            "actor": null
          },
          {
            "action": "registration",
            "timestamp": "2015-02-25T20:57:09-05:00",
            "actor": null
          }
        ],
        "raw": null,
        "start_address": "172.64.0.0",
        "end_address": "172.71.255.255",
        "cidr": "172.64.0.0/13",
        "ip_version": "v4",
        "type": "DIRECT ALLOCATION",
        "name": "CLOUDFLARENET",
        "country": null,
        "parent_handle": "NET-172-0-0-0-0"
      }
    }
  },
  "raw_response": {
    "status_code": 200,
    "headers": {
      "date": "Tue, 04 Nov 2025 11:51:42 GMT",
      "content-type": "text/html; charset=utf-8",
      "content-encoding": "gzip",
      "cf-ray": "9993e6a75d33d7d2-BOM",
      "cf-cache-status": "HIT",
      "access-control-allow-origin": "*",
      "cache-control": "max-age=14400, must-revalidate",
      "last-modified": "Tue, 04 Nov 2025 06:10:17 GMT",
      "strict-transport-security": "max-age=31536000; includeSubdomains; preload",
      "vary": "Accept-Encoding,X-Forwarded-Host",
      "via": "1.1 varnish, 1.1 varnish, 1.1 varnish",
      "cdn-cache-control": "max-age=172800, must-revalidate",
      "content-security-policy": "connect-src 'self' *.brightcove.com *.brightcove.net *.brightcovecdn.com *.contentsquare.net *.decibel.com *.decibelinsight.net *.demdex.net *.digitalpfizer.com *.doctor.com *.doubleclick.net *.evidon.com *.facebook.com *.force.com *.franklin.edison.pfizer *.google.com *.hapyak.com *.hlx.reviews/admin/ *.hotjar.com *.hotjar.io *.pinterest.com *.redditstatic.com *.salesforce-sites.com *.snapchat.com *.web.pfizer *.worker.pfizer admin.hlx.page analytics.tiktok.com api-iam.intercom.io api.neverbounce.com brightcove.hs.llnwd.net cdn.cookielaw.org collection.decibelinsight.net conversions-config.reddit.com det-ms-config-manager.s3.amazonaws.com/ directory-service.consumerism.pressganey.com directory-service.ls.consumerism.pressganey.com docfinderpfizerforallcom-dev.pfizerstatic.io dpm.demdex.net edge.adobedc.net einstein-cdn-stage.pfizer.com embed.vev.page geoip-js.com geolocation.onetrust.com/ googleadservices.com helix-pages.anywhere.run insight.adsrvr.org interactive-private.digitalpfizer.com interactive-protected.digitalpfizer.com interactive.digitalpfizer.com manifest.prod.boltdns.net maps.googleapis.com mboxedge34.tt.omtrdc.net pagead2.googlesyndication.com pfa.digitalpfizer.com pfizer-privacy.my.onetrust.com/ pfizer.cloudflareaccess.com pfizer.sc.omtrdc.net pfizer.tt.omtrdc.net pixel-config.reddit.com places.googleapis.com resources.digital-cloud.medallia.eu rum.hlx.live/.rum. rum.hlx.page/.rum/ smetrics.pfizerforall.com tagmanager.google.com tr.snapchat.com udc-neb.kampyle.com uploads.interactivity.brightcove.com uploads.intercomcdn.com wss: www.aem.live www.doctor.com www.google-analytics.com www.hlx.live www.interactivemanager.pfizer; script-src 'self' 'unsafe-eval' 'unsafe-inline' *.cloudfront.net/js/hapyak.js *.decibel.com *.decibelinsight.net *.digitalpfizer.com *.dotomi.com *.facebook.com *.force.com *.franklin.edison.pfizer *.hotjar.com *.pinterest.com *.redditstatic.com *.salesforce-sites.com *.salesforce.com *.salesforceliveagent.com *.snapchat.com activitymap.adobe.com/sc15/activitymap/ aim-tag.hcn.health/js/ analytics.tiktok.com api.neverbounce.com assets.adobedtm.com c.evidon.com cdn.cookielaw.org cdn.decibelinsight.net cdn.di-capt.com cdn.jsdelivr.net cdn.neverbounce.com/widget/dist/NeverBounce.js cdn.vev.design code.jquery.com connect.facebook.net einstein-cdn-dev.pfizer.com einstein-cdn-stage.pfizer.com einstein-cdn.pfizer.com embded.vev.page embed.vev.page evidon.com geoip-js.com geolocation.onetrust.com/ helix-pages.anywhere.run interactive-private.digitalpfizer.com interactive-protected.digitalpfizer.com interactive.digitalpfizer.com js.adsrvr.org/ js.intercomcdn.com js.intercomcdn.com/ js.vev.design maps.googleapis.com player.interactivity.brightcove.com/ players.brightcove.net resources.digital-cloud.medallia.eu rum.hlx.live/.rum/ rum.hlx.page/.rum/ s.pinimg.com sc-static.net sdc-ibfw-portal.pfizer.com static.cloudflareinsights.com t.contentsquare.net vjs.zencdn.net widget.doctor.com widget.intercom.io widget.intercom.io/ www.aem.live/tools/sidekick/library/ www.google-analytics.com www.google.com www.googletagmanager.com www.gstatic.com www.hlx.live/tools/sidekick/library/ www.interactivemanager.pfizer www.youtube.com www.youtube.com/iframe_api; frame-src 'self' *.decibel.com *.decibelinsight.net *.doctor.com *.fls.doubleclick.net *.force.com *.hapyak-hosted.com *.hapyak.com *.pinterest.com *.redditstatic.com *.salesforce.com *.snapchat.com activitymap.adobe.com/sc15/activitymap/ aim-tag.hcn.health/ fast.pfizer.demdex.net forms.office.com global.acs.prismaaccess.com hapyak-assets.s3.amazonaws.com insight.adsrvr.org interactive-private.digitalpfizer.com interactive-protected.digitalpfizer.com interactive.digitalpfizer.com interactivity-uploads.s3.us-east-1.amazonaws.com/ intercom-sheets.com l3.evidon.com match.adsrvr.org panpac.pfizer.com pdi.doctor.com pfizer.demdex.net players.brightcove.net read.marvel.com resources.digital-cloud.medallia.eu td.doubleclick.net/ tr.snapchat.com uploads.interactivity.brightcove.com web.microsoftstream.com webfiles.digitalpfizer.com webfiles.pfizer.com www.google.com www.interactivemanager.pfizer www.medtargetsystem.com/ www.youtube.com; default-src 'none'; style-src 'self' 'unsafe-inline' https:; font-src 'self' data: https:; img-src 'self' blob: data: https:; media-src 'self' *.media.brightcove.com blob: film.vev.design house-fastly-signed-eu-west-1-prod.brightcovecdn.com js.intercomcdn.com manifest.prod.boltdns.net secure.brightcove.com/services/mobile/streaming webfiles.digitalpfizer.com; frame-ancestors 'self' *.hapyak.com pfizer.cloudflareaccess.com pfizer.sharepoint.com; object-src 'self' players.brightcove.net; worker-src 'self' blob: unsafe-eval unsafe-inline; report-uri https://pfeprod.report-uri.com/r/t/csp/enforce",
      "referrer-policy": "same-origin",
      "x-cache": "MISS, HIT, MISS",
      "x-cache-hits": "0, 6, 0",
      "x-cache-tag": "v595--pfizerforallcomus--pfizer,EyZqVsC1h0CpLeUS,0280179e42dfb5da67434695ebf6894381249305cb41e765d8c6fbd89b8_metadata,v595--pfizerforallcomus--pfizer_head,0280179e42dfb5da67434695ebf6894381249305cb41e765d8c6fbd89b8,/",
      "x-content-type-options": "nosniff",
      "x-edison-type": "Adobe",
      "x-frame-options": "SAMEORIGIN",
      "x-franklin-ref": "v595",
      "x-served-by": "cache-iad-kiad7000040-IAD, cache-iad-kiad7000040-IAD, cache-bom-vanm7210060-BOM",
      "x-timer": "S1762243887.234010,VS0,VE0",
      "x-xss-protection": "1; mode=block",
      "set-cookie": "__cf_bm=9Vky1l1SBnUVWZkfmkSRmfwxa43SgiqNswU1tRGZ988-1762257102-1.0.1.1-KDm1VZKD_bd_X2vVxelBENK9.FoF_K9e2XGUi.3e426B57JaR7rEpD0ZBpO5nvE1MudC97TD9UPqca7nMdgiE3eEhOz6s7xyFHZ5FCi0fN8; path=/; expires=Tue, 04-Nov-25 12:21:42 GMT; domain=.pfizerforall.com; HttpOnly; Secure; SameSite=None, _cfuvid=Q_s8sqF4G3JRGY7wgTyhbRxpwXoBBLDlEl1WJ1wJTmU-1762257102894-0.0.1.1-604800000; path=/; domain=.pfizerforall.com; HttpOnly; Secure; SameSite=None",
      "server": "cloudflare"
    }
  }
}