{
  "url": "https://www.nurtec.com/",
  "timestamp": "2025-11-04T11:05:40.395132",
  "static_results": [
    {
      "name": "Adobe Analytics (Omniture SiteCatalyst)",
      "category": "Analytics & Tracking",
      "confidence": 0.447,
      "evidence": [
        "script_src:s_code\\.js|AppMeasurement\\.js|omtrdc\\.net|omniture\\.com|2o7\\.net"
      ]
    },
    {
      "name": "Hotjar",
      "category": "Analytics & Tracking",
      "confidence": 0.447,
      "evidence": [
        "script_src:hotjar\\.com|hotjar\\.io"
      ]
    },
    {
      "name": "Content Square",
      "category": "Analytics & Tracking",
      "confidence": 0.43,
      "evidence": [
        "script_src:contentsquare\\.net|t\\.contentsquare\\.net"
      ]
    },
    {
      "name": "Decibel Insight",
      "category": "Analytics & Tracking",
      "confidence": 0.43,
      "evidence": [
        "script_src:decibelinsight\\.net|cdn\\.decibelinsight\\.com"
      ]
    },
    {
      "name": "Adobe Experience Cloud",
      "category": "Analytics & Tracking",
      "confidence": 0.412,
      "evidence": [
        "script_src:marketing\\.adobe\\.com|demdex\\.net|adobe\\.com.*marketing"
      ]
    },
    {
      "name": "Adobe Dynamic Tag Management",
      "category": "Analytics & Tracking",
      "confidence": 0.412,
      "evidence": [
        "script_src:assets\\.adobedtm\\.com(?!.*launch)"
      ]
    },
    {
      "name": "Adobe Experience Manager Franklin",
      "category": "Content Management System",
      "confidence": 0.78,
      "evidence": [
        "script_src:hlx\\.(page|live)",
        "meta:franklin|hlx",
        "header:x-franklin|x-edison-type.*Adobe"
      ]
    },
    {
      "name": "Tailwind CSS",
      "category": "CSS Frameworks",
      "confidence": 0.482,
      "evidence": [
        "html:class=[\"'][^\"']*(?:tw-|text-|bg-|font-|p-|m-|w-|h-|flex|grid|gap-|rounded|shadow|border|container|mx-|my-|px-|py-|sm:|md:|lg:|xl:|2xl:)[^\"']*[\"']"
      ]
    },
    {
      "name": "Varnish",
      "category": "Web Server",
      "confidence": 0.326,
      "evidence": [
        "header:X-Varnish|Via:.*\\d+\\.\\d+\\s+varnish|Server:\\s*varnish"
      ]
    },
    {
      "name": "Cloudflare",
      "category": "CDN & Hosting",
      "confidence": 0.326,
      "evidence": [
        "header:CF-RAY|cf-cache-status|Server:\\s*cloudflare"
      ]
    },
    {
      "name": "Fastly",
      "category": "CDN & Hosting",
      "confidence": 0.298,
      "evidence": [
        "header:X-Fastly|Fastly|x-served-by.*cache"
      ]
    },
    {
      "name": "jsDelivr",
      "category": "CDN & Hosting",
      "confidence": 0.43,
      "evidence": [
        "script_src:cdn\\.jsdelivr\\.net"
      ]
    },
    {
      "name": "MaxMind",
      "category": "Mapping",
      "confidence": 0.412,
      "evidence": [
        "script_src:geoip-js\\.com|maxmind\\.com"
      ]
    },
    {
      "name": "DoubleClick",
      "category": "Advertising",
      "confidence": 0.43,
      "evidence": [
        "script_src:doubleclick\\.net"
      ]
    },
    {
      "name": "Floodlight",
      "category": "Advertising",
      "confidence": 0.412,
      "evidence": [
        "script_src:fls\\.doubleclick\\.net|ad\\.doubleclick\\.net.*activity"
      ]
    },
    {
      "name": "Media.net",
      "category": "Advertising",
      "confidence": 0.393,
      "evidence": [
        "script_src:media\\.net"
      ]
    },
    {
      "name": "The Trade Desk",
      "category": "Advertising",
      "confidence": 0.412,
      "evidence": [
        "script_src:adsrvr\\.org"
      ]
    },
    {
      "name": "The Trade Desk Universal Pixel",
      "category": "Advertising",
      "confidence": 0.412,
      "evidence": [
        "script_src:js\\.adsrvr\\.org"
      ]
    },
    {
      "name": "Adobe Audience Manager",
      "category": "Advertising",
      "confidence": 0.447,
      "evidence": [
        "script_src:demdex\\.net|dpm\\.demdex\\.net"
      ]
    },
    {
      "name": "Intercom",
      "category": "Marketing Automation",
      "confidence": 0.447,
      "evidence": [
        "script_src:widget\\.intercom\\.io"
      ]
    },
    {
      "name": "Salesforce",
      "category": "Marketing Automation",
      "confidence": 0.43,
      "evidence": [
        "script_src:salesforce\\.com|force\\.com"
      ]
    },
    {
      "name": "Adobe Experience Platform",
      "category": "Analytics & Tracking",
      "confidence": 0.43,
      "evidence": [
        "script_src:assets\\.adobedtm\\.com|alloy\\.js"
      ]
    },
    {
      "name": "OneTrust",
      "category": "Security",
      "confidence": 0.447,
      "evidence": [
        "script_src:onetrust|cookielaw\\.org"
      ]
    },
    {
      "name": "Optanon",
      "category": "Security",
      "confidence": 0.447,
      "evidence": [
        "script_src:optanon|onetrust|cookielaw\\.org"
      ]
    },
    {
      "name": "Evidon",
      "category": "Security",
      "confidence": 0.412,
      "evidence": [
        "script_src:evidon\\.com|crownpeak\\.com"
      ]
    },
    {
      "name": "YouTube",
      "category": "Video",
      "confidence": 0.447,
      "evidence": [
        "script_src:youtube\\.com"
      ]
    },
    {
      "name": "Brightcove",
      "category": "Video",
      "confidence": 0.694,
      "evidence": [
        "script_src:brightcove\\.com|players\\.brightcove\\.net",
        "html:players\\.brightcove\\.net|metrics\\.brightcove\\.com"
      ]
    },
    {
      "name": "Facebook Comments",
      "category": "Widgets",
      "confidence": 0.412,
      "evidence": [
        "script_src:connect\\.facebook\\.net"
      ]
    },
    {
      "name": "Vev",
      "category": "Widgets",
      "confidence": 0.43,
      "evidence": [
        "script_src:(embed\\.vev\\.page|cdn\\.vev\\.design)"
      ]
    },
    {
      "name": "HSTS",
      "category": "SSL Certificates",
      "confidence": 0.312,
      "evidence": [
        "header:Strict-Transport-Security"
      ]
    },
    {
      "name": "Report URI",
      "category": "Security",
      "confidence": 0.283,
      "evidence": [
        "header:report-uri\\.com"
      ]
    },
    {
      "name": "Open Graph Protocol",
      "category": "Structured Data",
      "confidence": 0.393,
      "evidence": [
        "meta:property=['\"]og:[^'\"]+['\"]|name=['\"]og:[^'\"]+['\"]"
      ]
    },
    {
      "name": "Conversant",
      "category": "Advertising",
      "confidence": 0.43,
      "evidence": [
        "script_src:dotomi\\.com|conversantmedia\\.com"
      ]
    }
  ],
  "dynamic_results": [],
  "all_results": [
    {
      "name": "Adobe Analytics (Omniture SiteCatalyst)",
      "category": "Analytics & Tracking",
      "confidence": 0.447,
      "evidence": [
        "script_src:s_code\\.js|AppMeasurement\\.js|omtrdc\\.net|omniture\\.com|2o7\\.net"
      ]
    },
    {
      "name": "Hotjar",
      "category": "Analytics & Tracking",
      "confidence": 0.447,
      "evidence": [
        "script_src:hotjar\\.com|hotjar\\.io"
      ]
    },
    {
      "name": "Content Square",
      "category": "Analytics & Tracking",
      "confidence": 0.43,
      "evidence": [
        "script_src:contentsquare\\.net|t\\.contentsquare\\.net"
      ]
    },
    {
      "name": "Decibel Insight",
      "category": "Analytics & Tracking",
      "confidence": 0.43,
      "evidence": [
        "script_src:decibelinsight\\.net|cdn\\.decibelinsight\\.com"
      ]
    },
    {
      "name": "Adobe Experience Cloud",
      "category": "Analytics & Tracking",
      "confidence": 0.412,
      "evidence": [
        "script_src:marketing\\.adobe\\.com|demdex\\.net|adobe\\.com.*marketing"
      ]
    },
    {
      "name": "Adobe Dynamic Tag Management",
      "category": "Analytics & Tracking",
      "confidence": 0.412,
      "evidence": [
        "script_src:assets\\.adobedtm\\.com(?!.*launch)"
      ]
    },
    {
      "name": "Adobe Experience Manager Franklin",
      "category": "Content Management System",
      "confidence": 0.78,
      "evidence": [
        "script_src:hlx\\.(page|live)",
        "meta:franklin|hlx",
        "header:x-franklin|x-edison-type.*Adobe"
      ]
    },
    {
      "name": "Tailwind CSS",
      "category": "CSS Frameworks",
      "confidence": 0.482,
      "evidence": [
        "html:class=[\"'][^\"']*(?:tw-|text-|bg-|font-|p-|m-|w-|h-|flex|grid|gap-|rounded|shadow|border|container|mx-|my-|px-|py-|sm:|md:|lg:|xl:|2xl:)[^\"']*[\"']"
      ]
    },
    {
      "name": "Varnish",
      "category": "Web Server",
      "confidence": 0.326,
      "evidence": [
        "header:X-Varnish|Via:.*\\d+\\.\\d+\\s+varnish|Server:\\s*varnish"
      ]
    },
    {
      "name": "Cloudflare",
      "category": "CDN & Hosting",
      "confidence": 0.326,
      "evidence": [
        "header:CF-RAY|cf-cache-status|Server:\\s*cloudflare"
      ]
    },
    {
      "name": "Fastly",
      "category": "CDN & Hosting",
      "confidence": 0.298,
      "evidence": [
        "header:X-Fastly|Fastly|x-served-by.*cache"
      ]
    },
    {
      "name": "jsDelivr",
      "category": "CDN & Hosting",
      "confidence": 0.43,
      "evidence": [
        "script_src:cdn\\.jsdelivr\\.net"
      ]
    },
    {
      "name": "MaxMind",
      "category": "Mapping",
      "confidence": 0.412,
      "evidence": [
        "script_src:geoip-js\\.com|maxmind\\.com"
      ]
    },
    {
      "name": "DoubleClick",
      "category": "Advertising",
      "confidence": 0.43,
      "evidence": [
        "script_src:doubleclick\\.net"
      ]
    },
    {
      "name": "Floodlight",
      "category": "Advertising",
      "confidence": 0.412,
      "evidence": [
        "script_src:fls\\.doubleclick\\.net|ad\\.doubleclick\\.net.*activity"
      ]
    },
    {
      "name": "Media.net",
      "category": "Advertising",
      "confidence": 0.393,
      "evidence": [
        "script_src:media\\.net"
      ]
    },
    {
      "name": "The Trade Desk",
      "category": "Advertising",
      "confidence": 0.412,
      "evidence": [
        "script_src:adsrvr\\.org"
      ]
    },
    {
      "name": "The Trade Desk Universal Pixel",
      "category": "Advertising",
      "confidence": 0.412,
      "evidence": [
        "script_src:js\\.adsrvr\\.org"
      ]
    },
    {
      "name": "Adobe Audience Manager",
      "category": "Advertising",
      "confidence": 0.447,
      "evidence": [
        "script_src:demdex\\.net|dpm\\.demdex\\.net"
      ]
    },
    {
      "name": "Intercom",
      "category": "Marketing Automation",
      "confidence": 0.447,
      "evidence": [
        "script_src:widget\\.intercom\\.io"
      ]
    },
    {
      "name": "Salesforce",
      "category": "Marketing Automation",
      "confidence": 0.43,
      "evidence": [
        "script_src:salesforce\\.com|force\\.com"
      ]
    },
    {
      "name": "Adobe Experience Platform",
      "category": "Analytics & Tracking",
      "confidence": 0.43,
      "evidence": [
        "script_src:assets\\.adobedtm\\.com|alloy\\.js"
      ]
    },
    {
      "name": "OneTrust",
      "category": "Security",
      "confidence": 0.447,
      "evidence": [
        "script_src:onetrust|cookielaw\\.org"
      ]
    },
    {
      "name": "Optanon",
      "category": "Security",
      "confidence": 0.447,
      "evidence": [
        "script_src:optanon|onetrust|cookielaw\\.org"
      ]
    },
    {
      "name": "Evidon",
      "category": "Security",
      "confidence": 0.412,
      "evidence": [
        "script_src:evidon\\.com|crownpeak\\.com"
      ]
    },
    {
      "name": "YouTube",
      "category": "Video",
      "confidence": 0.447,
      "evidence": [
        "script_src:youtube\\.com"
      ]
    },
    {
      "name": "Brightcove",
      "category": "Video",
      "confidence": 0.694,
      "evidence": [
        "script_src:brightcove\\.com|players\\.brightcove\\.net",
        "html:players\\.brightcove\\.net|metrics\\.brightcove\\.com"
      ]
    },
    {
      "name": "Facebook Comments",
      "category": "Widgets",
      "confidence": 0.412,
      "evidence": [
        "script_src:connect\\.facebook\\.net"
      ]
    },
    {
      "name": "Vev",
      "category": "Widgets",
      "confidence": 0.43,
      "evidence": [
        "script_src:(embed\\.vev\\.page|cdn\\.vev\\.design)"
      ]
    },
    {
      "name": "HSTS",
      "category": "SSL Certificates",
      "confidence": 0.312,
      "evidence": [
        "header:Strict-Transport-Security"
      ]
    },
    {
      "name": "Report URI",
      "category": "Security",
      "confidence": 0.283,
      "evidence": [
        "header:report-uri\\.com"
      ]
    },
    {
      "name": "Open Graph Protocol",
      "category": "Structured Data",
      "confidence": 0.393,
      "evidence": [
        "meta:property=['\"]og:[^'\"]+['\"]|name=['\"]og:[^'\"]+['\"]"
      ]
    },
    {
      "name": "Conversant",
      "category": "Advertising",
      "confidence": 0.43,
      "evidence": [
        "script_src:dotomi\\.com|conversantmedia\\.com"
      ]
    }
  ],
  "evidence": {
    "html": "<!DOCTYPE html>\n<html lang=\"en\">\n  <head>\n    <title>Treatment of Migraine | Nurtec® ODT (rimegepant) | Safety Info</title>\n    <link rel=\"canonical\" href=\"https://www.nurtec.com/\">\n    <meta name=\"description\" content=\"Learn about Nurtec® ODT for the acute treatment of migraine with or without aura and the preventive treatment of episodic migraine in adults.\">\n    <meta property=\"og:title\" content=\"Treatment of Migraine | Nurtec® ODT (rimegepant) | Safety Info\">\n    <meta property=\"og:description\" content=\"Learn about Nurtec® ODT for the acute treatment of migraine with or without aura and the preventive treatment of episodic migraine in adults.\">\n    <meta property=\"og:url\" content=\"https://www.nurtec.com/\">\n    <meta property=\"og:image\" content=\"https://www.nurtec.com/media_1d960bacf4a8213ced765379995678c7bb6f1fc92.png?width=1200&#x26;format=pjpg&#x26;optimize=medium\">\n    <meta property=\"og:image:secure_url\" content=\"https://www.nurtec.com/media_1d960bacf4a8213ced765379995678c7bb6f1fc92.png?width=1200&#x26;format=pjpg&#x26;optimize=medium\">\n    <meta name=\"twitter:card\" content=\"summary_large_image\">\n    <meta name=\"twitter:title\" content=\"Treatment of Migraine | Nurtec® ODT (rimegepant) | Safety Info\">\n    <meta name=\"twitter:description\" content=\"Learn about Nurtec® ODT for the acute treatment of migraine with or without aura and the preventive treatment of episodic migraine in adults.\">\n    <meta name=\"twitter:image\" content=\"https://www.nurtec.com/media_1d960bacf4a8213ced765379995678c7bb6f1fc92.png?width=1200&#x26;format=pjpg&#x26;optimize=medium\">\n    <meta name=\"announcement\" content=\"off\">\n    <meta name=\"short-title\" content=\"Home\">\n    <meta name=\"next\" content=\"https://main--nurteccom--pfizer.hlx.page/why-nurtec\">\n    <meta name=\"template\" content=\"nurtec-homepage\">\n    <meta name=\"viewport\" content=\"width=device-width, initial-scale=1\">\n    <script src=\"/scripts/lib-franklin.js\" type=\"module\"></script>\n    <script src=\"/scripts/scripts.js\" type=\"module\"></script>\n    <link rel=\"stylesheet\" href=\"/styles/styles.css\">\n    <link rel=\"icon\" type=\"image/svg+xml\" href=\"/styles/favicon.png\">\n  </head>\n  <body>\n    <header></header>\n    <main>\n      <div>\n        <div class=\"hero data index image-crop font-s autoplay\">\n          <div>\n            <div><a href=\"https://players.brightcove.net/1852113022001/g2OtgoAoBs_default/index.html?videoId=6369338612112\">https://players.brightcove.net/1852113022001/g2OtgoAoBs_default/index.html?videoId=6369338612112</a></div>\n            <div>\n              <p><span class=\"icon icon-one-alt\"></span></p>\n              <h2 id=\"prescribed-migraine-treatment-in-its-class\"><strong>PRESCRIBED MIGRAINE TREATMENT</strong> IN ITS CLASS</h2>\n              <p><sub>SINCE 08/06/21</sub><sup>†</sup></p>\n            </div>\n          </div>\n          <div>\n            <div>\n              <p>For acute treatment, Nurtec ODT can provide relief in 2 hours that can last up to 2 days</p>\n              <p><sub>Many patients experienced pain relief at 2 hours, and in some patients it lasted up to 48 hours.</sub></p>\n              <p><a href=\"/why-nurtec\">discover more benefits</a></p>\n            </div>\n            <div></div>\n          </div>\n        </div>\n        <div class=\"section-metadata\">\n          <div>\n            <div>style</div>\n            <div>dark, width-text, set-width, index</div>\n          </div>\n        </div>\n      </div>\n      <div>\n        <h1 id=\"helps-minimize-migraine-disruptions-in-2-ways\"><u>Helps minimize migraine disruptions in 2 ways</u></h1>\n        <div class=\"section-metadata\">\n          <div>\n            <div>style</div>\n            <div>width-text, set-width</div>\n          </div>\n        </div>\n      </div>\n      <div>\n        <div class=\"columns side-by-side\">\n          <div>\n            <div>\n              <h3 id=\"acute-treatment\">ACUTE TREATMENT</h3>\n              <p>In a study of Nurtec ODT to treat migraine attacks:</p>\n              <p><strong>Pain relief:</strong> 59.3% of people taking Nurtec ODT experienced pain relief at 2 hours postdose (vs 43.3% with placebo). Pain relief was sustained in 42.2% of people taking Nurtec ODT at 48 hours (vs 25.2% with placebo).</p>\n              <p><strong>Pain freedom:</strong> 21.2% of people taking Nurtec ODT experienced pain freedom at 2 hours postdose (vs 10.9% with placebo). Pain freedom was sustained in 13.5% of people taking Nurtec ODT at 48 hours (vs 5.4% with placebo).</p>\n              <p><strong>Freedom from most bothersome symptom:</strong> 35.1% of people taking Nurtec ODT experienced freedom from their most bothersome symptom (light sensitivity, sound sensitivity, or nausea) at 2 hours postdose (vs 26.8% with placebo).</p>\n              <p><strong><a href=\"/why-nurtec#what-does-life-look-like-with-more-control-over-migraine-treatment\">treat migraine attacks</a></strong></p>\n            </div>\n            <div>\n              <h3 id=\"prevention\">PREVENTION</h3>\n              <p>In a study of Nurtec ODT to prevent migraine attacks:</p>\n              <p><strong>Reduction in monthly migraine days (MMDs):</strong> When taken every other day, Nurtec ODT can reduce the number of migraine days in a month. People taking Nurtec ODT experienced 4.3 fewer MMDs during weeks 9-12 (vs 3.5 fewer MMDs with placebo).</p>\n              <p><strong><a href=\"/why-nurtec#help-prevent-migraine-attackswith-one-quick-dissolving-tablet\">help prevent migraine attacks</a></strong></p>\n            </div>\n          </div>\n        </div>\n        <p>The safety of using more than 18 doses in a 30-day period has not been established. You should not take more than 1 tablet in 24 hours.</p>\n        <p><sup>†</sup>Per IQVIA as brand in class (oral CGRP receptor antagonists): number one prescribed and in new prescriptions since 8/6/21. Current as of March 2025.</p>\n        <div class=\"section-metadata\">\n          <div>\n            <div>style</div>\n            <div>width-text, set margin, treat-and-prevent</div>\n          </div>\n          <div>\n            <div>id</div>\n            <div>treat-and-prevent</div>\n          </div>\n        </div>\n      </div>\n      <div>\n        <div class=\"columns original stretch col-grid-order obj-fit copaymodalcta\">\n          <div>\n            <div>\n              <h1 id=\"get-nurtec-odt-for-as-little-as-0\">Get Nurtec ODT for as little as $0*</h1>\n              <p>Eligible commercially insured patients can download their copay card and start saving on Nurtec ODT.</p>\n              <p>97% of patients with commercial insurance are covered.<sup>‡</sup></p>\n              <p><strong><a href=\"/savings?copay-step1\">get your copay card now</a></strong></p>\n            </div>\n            <div>\n              <picture>\n                <source type=\"image/webp\" srcset=\"./media_12a988c0750b107b8a95f510f1aae6ff31a10840d.png?width=2000&#x26;format=webply&#x26;optimize=medium\" media=\"(min-width: 600px)\">\n                <source type=\"image/webp\" srcset=\"./media_12a988c0750b107b8a95f510f1aae6ff31a10840d.png?width=750&#x26;format=webply&#x26;optimize=medium\">\n                <source type=\"image/png\" srcset=\"./media_12a988c0750b107b8a95f510f1aae6ff31a10840d.png?width=2000&#x26;format=png&#x26;optimize=medium\" media=\"(min-width: 600px)\">\n                <img loading=\"lazy\" alt=\"\" src=\"./media_12a988c0750b107b8a95f510f1aae6ff31a10840d.png?width=750&#x26;format=png&#x26;optimize=medium\" width=\"493\" height=\"310\">\n              </picture>\n            </div>\n          </div>\n        </div>\n        <div class=\"section-metadata\">\n          <div>\n            <div>style</div>\n            <div>neutral, index</div>\n          </div>\n        </div>\n      </div>\n      <div>\n        <p><sub>*Eligible commercially insured patients can, for one time only, access Nurtec ODT at no cost while benefits are being verified for one prescription fill, with a maximum of 16 tablets total. Insurance coverage must be approved by the payor for patients to continue receiving Nurtec ODT with no out-of-pocket cost. No membership fees. Only available for commercially insured patients. This is not health insurance. Maximum annual benefit of $7,000 applies. The full terms and conditions can be accessed at</sub> <a href=\"/terms-and-conditions\"><sub>nurtec.com/terms-and-conditions</sub></a><sub>.</sub></p>\n        <p><sup>‡</sup><sub>Based on Managed Markets Insights &#x26; Technology LLC as of 04/30/25.</sub></p>\n        <div class=\"section-metadata\">\n          <div>\n            <div>style</div>\n            <div>index</div>\n          </div>\n        </div>\n      </div>\n      <div>\n        <h1 id=\"real-patients-real-stories\"><u>Real patients. Real stories.</u></h1>\n        <h3 id=\"discover-how-people-are-taking-time-back-from-migraine\">Discover how people are taking time back from migraine</h3>\n        <p><sub>Individual results may vary. Patients were invited to share their experiences on Nurtec ODT. All content was accurate at the time of publication.</sub></p>\n        <div class=\"patient-stories index quote-color\">\n          <div>\n            <div>Vanessa M</div>\n          </div>\n          <div>\n            <div>Ellie W</div>\n          </div>\n          <div>\n            <div>Evan B</div>\n          </div>\n        </div>\n        <p><br>\n          <picture>\n            <source type=\"image/webp\" srcset=\"./media_1d44e4b87ec2eabc192019b1f5f8cc94a49aa4de2.gif?width=2000&#x26;format=webply&#x26;optimize=medium\" media=\"(min-width: 600px)\">\n            <source type=\"image/webp\" srcset=\"./media_1d44e4b87ec2eabc192019b1f5f8cc94a49aa4de2.gif?width=750&#x26;format=webply&#x26;optimize=medium\">\n            <source type=\"image/gif\" srcset=\"./media_1d44e4b87ec2eabc192019b1f5f8cc94a49aa4de2.gif?width=2000&#x26;format=gif&#x26;optimize=medium\" media=\"(min-width: 600px)\">\n            <img loading=\"lazy\" alt=\"1.3 Million+ Patients, 8.5 Million+ Total Prescriptions\" src=\"./media_1d44e4b87ec2eabc192019b1f5f8cc94a49aa4de2.gif?width=750&#x26;format=gif&#x26;optimize=medium\" width=\"1052\" height=\"226\">\n          </picture>\n        </p>\n        <p><sup>†</sup><sub>Based on IQVIA LAAD data as of February 2025.</sub></p>\n        <div class=\"section-metadata\">\n          <div>\n            <div>id</div>\n            <div>actual-patients</div>\n          </div>\n        </div>\n      </div>\n      <div>\n        <div class=\"quote light\">\n          <div>\n            <div>I take one dose of Nurtec ODT, it dissolves in seconds and gets me back to what I love.</div>\n          </div>\n          <div>\n            <div>\n              <p>\n                <picture>\n                  <source type=\"image/webp\" srcset=\"./media_1da1707c6fafa42888b022f8982e9d1565e1d58ef.jpg?width=2000&#x26;format=webply&#x26;optimize=medium\" media=\"(min-width: 600px)\">\n                  <source type=\"image/webp\" srcset=\"./media_1da1707c6fafa42888b022f8982e9d1565e1d58ef.jpg?width=750&#x26;format=webply&#x26;optimize=medium\">\n                  <source type=\"image/jpeg\" srcset=\"./media_1da1707c6fafa42888b022f8982e9d1565e1d58ef.jpg?width=2000&#x26;format=jpg&#x26;optimize=medium\" media=\"(min-width: 600px)\">\n                  <img loading=\"lazy\" alt=\"Actual Nurtec® ODT (rimegepant) patient Corinne S\" src=\"./media_1da1707c6fafa42888b022f8982e9d1565e1d58ef.jpg?width=750&#x26;format=jpg&#x26;optimize=medium\" width=\"400\" height=\"400\">\n                </picture>\n              </p>\n              <p><strong>Corinne S</strong></p>\n              <p><em>Actual Nurtec ODT Patient</em></p>\n            </div>\n          </div>\n        </div>\n      </div>\n      <div></div>\n    </main>\n    <footer></footer>\n  </body>\n</html>\n",
    "headers": "date: Tue, 04 Nov 2025 11:05:34 GMT\ncontent-type: text/html; charset=utf-8\ncontent-encoding: gzip\ncf-ray: 9993a3147b6e46f6-BOM\ncf-cache-status: HIT\ncache-control: max-age=7200, must-revalidate\nlast-modified: Fri, 17 Oct 2025 10:01:26 GMT\nstrict-transport-security: max-age=31536000; includeSubdomains; preload\nvary: Accept-Encoding,X-Forwarded-Host\nvia: 1.1 varnish, 1.1 varnish, 1.1 varnish\ncdn-cache-control: max-age=172800, must-revalidate\ncontent-security-policy: connect-src 'self' *.brightcove.com *.brightcove.net *.brightcovecdn.com *.contentsquare.net *.decibel.com *.decibelinsight.net *.demdex.net *.digitalpfizer.com *.doctor.com *.force.com *.franklin.edison.pfizer *.hapyak.com *.hlx.reviews/admin/ *.hotjar.com *.hotjar.io *.salesforce-sites.com *.web.pfizer *.worker.pfizer admin.hlx.page analytics-api.fireflyxdservices.com analytics.pmsrv.co api-iam.intercom.io api.neverbounce.com brightcove.hs.llnwd.net c.pmsrv.co cdn.cookielaw.org det-ms-config-manager.s3.amazonaws.com/ directory-service.consumerism.pressganey.com directory-service.ls.consumerism.pressganey.com dpm.demdex.net edge.adobedc.net einstein-cdn-stage.pfizer.com embed.vev.page firefly-api.fireflyxdservices.com/engagement fm.populus-media.net geoip-js.com geolocation.onetrust.com/ helix-pages.anywhere.run https://ad.doubleclick.net https://conversions-config.reddit.com https://pagead2.googlesyndication.com https://pixel-config.reddit.com https://www.redditstatic.com interactive-private.digitalpfizer.com interactive-protected.digitalpfizer.com interactive.digitalpfizer.com manifest.prod.boltdns.net maps.googleapis.com pfizer-privacy.my.onetrust.com/ pfizer.cloudflareaccess.com pfizer.sc.omtrdc.net resources.digital-cloud.medallia.eu rum.hlx.live/.rum. rum.hlx.page/.rum/ s.yimg.com smetrics.nurtec.com tagmanager.google.com udc-neb.kampyle.com uploads.interactivity.brightcove.com uploads.intercomcdn.com us-central1-adaptive-growth.cloudfunctions.net widget.intercom.io wss: www.aem.live www.doctor.com www.google-analytics.com www.google.com www.hlx.live www.interactivemanager.pfizer; script-src 'self' 'unsafe-eval' 'unsafe-inline' *.cloudfront.net/js/hapyak.js *.decibel.com *.decibelinsight.net *.digitalpfizer.com *.dotomi.com *.force.com *.franklin.edison.pfizer *.hotjar.com *.salesforce-sites.com *.salesforce.com *.salesforceliveagent.com activitymap.adobe.com/sc15/activitymap/ aim-tag.hcn.health/js/ analytics.pmsrv.co api.neverbounce.com assets.adobedtm.com c.evidon.com c.pmsrv.co cdn.cookielaw.org cdn.di-capt.com cdn.jsdelivr.net cdn.neverbounce.com/widget/dist/NeverBounce.js cdn.pdst.fm cdn.vev.design code.jquery.com connect.facebook.net einstein-cdn-dev.pfizer.com einstein-cdn-stage.pfizer.com einstein-cdn.pfizer.com embded.vev.page evidon.com fm.populus-media.net geoip-js.com geolocation.onetrust.com/ helix-pages.anywhere.run https://www.redditstatic.com interactive-private.digitalpfizer.com interactive-protected.digitalpfizer.com interactive.digitalpfizer.com js.adsrvr.org/ js.intercomcdn.com/ js.vev.design maps.googleapis.com player.interactivity.brightcove.com/ players.brightcove.net resources.digital-cloud.medallia.eu rum.hlx.live/.rum/ rum.hlx.page/.rum/ s.yimg.com sdc-ibfw-portal.pfizer.com:6082 static.cloudflareinsights.com t.contentsquare.net vjs.zencdn.net widget.doctor.com widget.intercom.io/ www.aem.live/tools/sidekick/library/ www.google-analytics.com www.google.com www.googletagmanager.com www.gstatic.com www.hlx.live/tools/sidekick/library/ www.interactivemanager.pfizer www.youtube.com www.youtube.com/iframe_api; default-src 'none'; style-src 'self' 'unsafe-inline' https:; font-src 'self' data: https:; img-src 'self' blob: data: https:; media-src 'self' *.media.brightcove.com blob: film.vev.design house-fastly-signed-eu-west-1-prod.brightcovecdn.com js.intercomcdn.com manifest.prod.boltdns.net secure.brightcove.com/services/mobile/streaming webfiles.digitalpfizer.com; frame-ancestors 'self' *.hapyak.com pfizer.cloudflareaccess.com pfizer.sharepoint.com; frame-src 'self' *.decibel.com *.decibelinsight.net *.doctor.com *.fls.doubleclick.net *.force.com *.hapyak-hosted.com *.hapyak.com *.salesforce.com activitymap.adobe.com/sc15/activitymap/ aim-tag.hcn.health/ fast.pfizer.demdex.net forms.office.com hapyak-assets.s3.amazonaws.com insight.adsrvr.org interactive-private.digitalpfizer.com interactive-protected.digitalpfizer.com interactive.digitalpfizer.com interactivity-uploads.s3.us-east-1.amazonaws.com/ intercom-sheets.com l3.evidon.com pdi.doctor.com pfizer.demdex.net players.brightcove.net read.marvel.com resources.digital-cloud.medallia.eu td.doubleclick.net/ uploads.interactivity.brightcove.com web.microsoftstream.com webfiles.digitalpfizer.com webfiles.pfizer.com www.google.com www.interactivemanager.pfizer www.medtargetsystem.com/ www.youtube.com; object-src 'self' players.brightcove.net; worker-src 'self' blob: unsafe-eval unsafe-inline; report-uri https://pfeprod.report-uri.com/r/t/csp/enforce\nreferrer-policy: same-origin\nx-cache: MISS, HIT, MISS\nx-cache-hits: 0, 7, 0\nx-content-type-options: nosniff\nx-edison-type: Adobe\nx-frame-options: SAMEORIGIN\nx-franklin-ref: v186\nx-served-by: cache-iad-kiad7000093-IAD, cache-iad-kiad7000093-IAD, cache-bom-vanm7210057-BOM\nx-timer: S1760716877.396930,VS0,VE0\nx-xss-protection: 1; mode=block\nset-cookie: __cf_bm=OpRE0aMwOptp4HU.N_NeB5ZLISvcoBskz1B1BIKBNI0-1762254334-1.0.1.1-sI1BMbcXgq_oETOltiA5x_MbG2mWS_Yp2Tr7NCYGyQDczmcwKMxtIZwz_sCnpXKrnnRTNnsVmuTXAj25nMQt1WAOIxOKP1wGMCCGnT1YCwA; path=/; expires=Tue, 04-Nov-25 11:35:34 GMT; domain=.nurtec.com; HttpOnly; Secure; SameSite=None, __cfruid=107a61fbc5bf893dbb1b3df1af72f4e9678c5313-1762254334; path=/; domain=.nurtec.com; HttpOnly; Secure; SameSite=None, _cfuvid=OwqtnusU._WKG.nNHOEanUpTI1pEhd0a.OUhb_DaOQ4-1762254334609-0.0.1.1-604800000; path=/; domain=.nurtec.com; HttpOnly; Secure; SameSite=None\nserver: cloudflare",
    "script_src": [
      "/scripts/lib-franklin.js",
      "/scripts/scripts.js"
    ],
    "meta": [
      "name=\"description\" content=\"Learn about Nurtec® ODT for the acute treatment of migraine with or without aura and the preventive treatment of episodic migraine in adults.\"",
      "property=\"og:title\" content=\"Treatment of Migraine | Nurtec® ODT (rimegepant) | Safety Info\"",
      "property=\"og:description\" content=\"Learn about Nurtec® ODT for the acute treatment of migraine with or without aura and the preventive treatment of episodic migraine in adults.\"",
      "property=\"og:url\" content=\"https://www.nurtec.com/\"",
      "property=\"og:image\" content=\"https://www.nurtec.com/media_1d960bacf4a8213ced765379995678c7bb6f1fc92.png?width=1200&format=pjpg&optimize=medium\"",
      "property=\"og:image:secure_url\" content=\"https://www.nurtec.com/media_1d960bacf4a8213ced765379995678c7bb6f1fc92.png?width=1200&format=pjpg&optimize=medium\"",
      "name=\"twitter:card\" content=\"summary_large_image\"",
      "name=\"twitter:title\" content=\"Treatment of Migraine | Nurtec® ODT (rimegepant) | Safety Info\"",
      "name=\"twitter:description\" content=\"Learn about Nurtec® ODT for the acute treatment of migraine with or without aura and the preventive treatment of episodic migraine in adults.\"",
      "name=\"twitter:image\" content=\"https://www.nurtec.com/media_1d960bacf4a8213ced765379995678c7bb6f1fc92.png?width=1200&format=pjpg&optimize=medium\"",
      "name=\"announcement\" content=\"off\"",
      "name=\"short-title\" content=\"Home\"",
      "name=\"next\" content=\"https://main--nurteccom--pfizer.hlx.page/why-nurtec\"",
      "name=\"template\" content=\"nurtec-homepage\"",
      "name=\"viewport\" content=\"width=device-width, initial-scale=1\""
    ],
    "meta_names": [
      "description",
      "og:title",
      "og:description",
      "og:url",
      "og:image",
      "og:image:secure_url",
      "twitter:card",
      "twitter:title",
      "twitter:description",
      "twitter:image",
      "announcement",
      "short-title",
      "next",
      "template",
      "viewport"
    ],
    "meta_content": [
      "Learn about Nurtec® ODT for the acute treatment of migraine with or without aura and the preventive treatment of episodic migraine in adults.",
      "Treatment of Migraine | Nurtec® ODT (rimegepant) | Safety Info",
      "Learn about Nurtec® ODT for the acute treatment of migraine with or without aura and the preventive treatment of episodic migraine in adults.",
      "https://www.nurtec.com/",
      "https://www.nurtec.com/media_1d960bacf4a8213ced765379995678c7bb6f1fc92.png?width=1200&format=pjpg&optimize=medium",
      "https://www.nurtec.com/media_1d960bacf4a8213ced765379995678c7bb6f1fc92.png?width=1200&format=pjpg&optimize=medium",
      "summary_large_image",
      "Treatment of Migraine | Nurtec® ODT (rimegepant) | Safety Info",
      "Learn about Nurtec® ODT for the acute treatment of migraine with or without aura and the preventive treatment of episodic migraine in adults.",
      "https://www.nurtec.com/media_1d960bacf4a8213ced765379995678c7bb6f1fc92.png?width=1200&format=pjpg&optimize=medium",
      "off",
      "Home",
      "https://main--nurteccom--pfizer.hlx.page/why-nurtec",
      "nurtec-homepage",
      "width=device-width, initial-scale=1"
    ],
    "links": [
      "https://www.nurtec.com/",
      "/styles/styles.css",
      "/styles/favicon.png"
    ],
    "cookies": [
      "__cf_bm=OpRE0aMwOptp4HU.N_NeB5ZLISvcoBskz1B1BIKBNI0-1762254334-1.0.1.1-sI1BMbcXgq_oETOltiA5x_MbG2mWS_Yp2Tr7NCYGyQDczmcwKMxtIZwz_sCnpXKrnnRTNnsVmuTXAj25nMQt1WAOIxOKP1wGMCCGnT1YCwA; path=/; expires=Tue, 04-Nov-25 11:35:34 GMT; domain=.nurtec.com; HttpOnly; Secure; SameSite=None, __cfruid=107a61fbc5bf893dbb1b3df1af72f4e9678c5313-1762254334; path=/; domain=.nurtec.com; HttpOnly; Secure; SameSite=None, _cfuvid=OwqtnusU._WKG.nNHOEanUpTI1pEhd0a.OUhb_DaOQ4-1762254334609-0.0.1.1-604800000; path=/; domain=.nurtec.com; HttpOnly; Secure; SameSite=None"
    ],
    "csp": "connect-src 'self' *.brightcove.com *.brightcove.net *.brightcovecdn.com *.contentsquare.net *.decibel.com *.decibelinsight.net *.demdex.net *.digitalpfizer.com *.doctor.com *.force.com *.franklin.edison.pfizer *.hapyak.com *.hlx.reviews/admin/ *.hotjar.com *.hotjar.io *.salesforce-sites.com *.web.pfizer *.worker.pfizer admin.hlx.page analytics-api.fireflyxdservices.com analytics.pmsrv.co api-iam.intercom.io api.neverbounce.com brightcove.hs.llnwd.net c.pmsrv.co cdn.cookielaw.org det-ms-config-manager.s3.amazonaws.com/ directory-service.consumerism.pressganey.com directory-service.ls.consumerism.pressganey.com dpm.demdex.net edge.adobedc.net einstein-cdn-stage.pfizer.com embed.vev.page firefly-api.fireflyxdservices.com/engagement fm.populus-media.net geoip-js.com geolocation.onetrust.com/ helix-pages.anywhere.run https://ad.doubleclick.net https://conversions-config.reddit.com https://pagead2.googlesyndication.com https://pixel-config.reddit.com https://www.redditstatic.com interactive-private.digitalpfizer.com interactive-protected.digitalpfizer.com interactive.digitalpfizer.com manifest.prod.boltdns.net maps.googleapis.com pfizer-privacy.my.onetrust.com/ pfizer.cloudflareaccess.com pfizer.sc.omtrdc.net resources.digital-cloud.medallia.eu rum.hlx.live/.rum. rum.hlx.page/.rum/ s.yimg.com smetrics.nurtec.com tagmanager.google.com udc-neb.kampyle.com uploads.interactivity.brightcove.com uploads.intercomcdn.com us-central1-adaptive-growth.cloudfunctions.net widget.intercom.io wss: www.aem.live www.doctor.com www.google-analytics.com www.google.com www.hlx.live www.interactivemanager.pfizer; script-src 'self' 'unsafe-eval' 'unsafe-inline' *.cloudfront.net/js/hapyak.js *.decibel.com *.decibelinsight.net *.digitalpfizer.com *.dotomi.com *.force.com *.franklin.edison.pfizer *.hotjar.com *.salesforce-sites.com *.salesforce.com *.salesforceliveagent.com activitymap.adobe.com/sc15/activitymap/ aim-tag.hcn.health/js/ analytics.pmsrv.co api.neverbounce.com assets.adobedtm.com c.evidon.com c.pmsrv.co cdn.cookielaw.org cdn.di-capt.com cdn.jsdelivr.net cdn.neverbounce.com/widget/dist/NeverBounce.js cdn.pdst.fm cdn.vev.design code.jquery.com connect.facebook.net einstein-cdn-dev.pfizer.com einstein-cdn-stage.pfizer.com einstein-cdn.pfizer.com embded.vev.page evidon.com fm.populus-media.net geoip-js.com geolocation.onetrust.com/ helix-pages.anywhere.run https://www.redditstatic.com interactive-private.digitalpfizer.com interactive-protected.digitalpfizer.com interactive.digitalpfizer.com js.adsrvr.org/ js.intercomcdn.com/ js.vev.design maps.googleapis.com player.interactivity.brightcove.com/ players.brightcove.net resources.digital-cloud.medallia.eu rum.hlx.live/.rum/ rum.hlx.page/.rum/ s.yimg.com sdc-ibfw-portal.pfizer.com:6082 static.cloudflareinsights.com t.contentsquare.net vjs.zencdn.net widget.doctor.com widget.intercom.io/ www.aem.live/tools/sidekick/library/ www.google-analytics.com www.google.com www.googletagmanager.com www.gstatic.com www.hlx.live/tools/sidekick/library/ www.interactivemanager.pfizer www.youtube.com www.youtube.com/iframe_api; default-src 'none'; style-src 'self' 'unsafe-inline' https:; font-src 'self' data: https:; img-src 'self' blob: data: https:; media-src 'self' *.media.brightcove.com blob: film.vev.design house-fastly-signed-eu-west-1-prod.brightcovecdn.com js.intercomcdn.com manifest.prod.boltdns.net secure.brightcove.com/services/mobile/streaming webfiles.digitalpfizer.com; frame-ancestors 'self' *.hapyak.com pfizer.cloudflareaccess.com pfizer.sharepoint.com; frame-src 'self' *.decibel.com *.decibelinsight.net *.doctor.com *.fls.doubleclick.net *.force.com *.hapyak-hosted.com *.hapyak.com *.salesforce.com activitymap.adobe.com/sc15/activitymap/ aim-tag.hcn.health/ fast.pfizer.demdex.net forms.office.com hapyak-assets.s3.amazonaws.com insight.adsrvr.org interactive-private.digitalpfizer.com interactive-protected.digitalpfizer.com interactive.digitalpfizer.com interactivity-uploads.s3.us-east-1.amazonaws.com/ intercom-sheets.com l3.evidon.com pdi.doctor.com pfizer.demdex.net players.brightcove.net read.marvel.com resources.digital-cloud.medallia.eu td.doubleclick.net/ uploads.interactivity.brightcove.com web.microsoftstream.com webfiles.digitalpfizer.com webfiles.pfizer.com www.google.com www.interactivemanager.pfizer www.medtargetsystem.com/ www.youtube.com; object-src 'self' players.brightcove.net; worker-src 'self' blob: unsafe-eval unsafe-inline; report-uri https://pfeprod.report-uri.com/r/t/csp/enforce"
  },
  "enrichment": {
    "ips": [
      "104.18.38.131",
      "172.64.149.125"
    ],
    "cnames": [
      "www.nurtec.com.cdn.cloudflare.net"
    ],
    "tls": {
      "subject": "CN=nurtec.com",
      "issuer": "CN=WE1,O=Google Trust Services,C=US",
      "not_before": "2025-10-18T13:14:37",
      "not_after": "2026-01-16T14:14:34",
      "san": [
        "nurtec.com",
        "www.nurtec.com"
      ]
    },
    "whois": {
      "domain_name": "NURTEC.COM",
      "registrar": "NOM-IQ Ltd dba Com Laude",
      "registrar_url": [
        "http://www.comlaude.com",
        "https://www.comlaude.com"
      ],
      "reseller": null,
      "whois_server": "whois.comlaude.com",
      "referral_url": null,
      "updated_date": [
        "2024-12-25T23:14:15+00:00",
        "2025-10-08T12:44:46+00:00"
      ],
      "creation_date": "2013-01-24T19:32:35+00:00",
      "expiration_date": [
        "2026-01-24T19:32:35+00:00",
        "2026-01-24T00:00:00+00:00"
      ],
      "name_servers": [
        "NS1.P201.DNS.ORACLECLOUD.NET",
        "NS2.P201.DNS.ORACLECLOUD.NET",
        "NS3.P201.DNS.ORACLECLOUD.NET",
        "NS4.P201.DNS.ORACLECLOUD.NET"
      ],
      "status": [
        "clientDeleteProhibited https://icann.org/epp#clientDeleteProhibited",
        "clientTransferProhibited https://icann.org/epp#clientTransferProhibited",
        "clientUpdateProhibited https://icann.org/epp#clientUpdateProhibited",
        "clientDeleteProhibited https://www.icann.org/epp#clientDeleteProhibited",
        "clientTransferProhibited https://www.icann.org/epp#clientTransferProhibited",
        "clientUpdateProhibited https://www.icann.org/epp#clientUpdateProhibited"
      ],
      "emails": [
        "abuse@comlaude.com",
        "domainregistrations@pfizer.com"
      ],
      "dnssec": "unsigned",
      "name": "Domain Registrations",
      "org": "Pfizer Inc.",
      "address": "66 Hudson Boulevard East",
      "city": "New York",
      "state": "NY",
      "registrant_postal_code": "10001-2192",
      "country": "US",
      "tech_name": "Domain Registrations",
      "tech_org": "Pfizer Inc.",
      "admin_name": "Domain Registrations",
      "admin_org": "Pfizer Inc."
    },
    "asn": {
      "asn": "13335",
      "asn_cidr": "104.18.38.0/24",
      "network": {
        "handle": "NET-104-16-0-0-1",
        "status": [
          "active"
        ],
        "remarks": [
          {
            "title": "Registration Comments",
            "description": "All Cloudflare abuse reporting can be done via https://www.cloudflare.com/abuse\nGeofeed: https://api.cloudflare.com/local-ip-ranges.csv",
            "links": null
          }
        ],
        "notices": [
          {
            "title": "Terms of Service",
            "description": "By using the ARIN RDAP/Whois service, you are agreeing to the RDAP/Whois Terms of Use",
            "links": [
              "https://www.arin.net/resources/registry/whois/tou/"
            ]
          },
          {
            "title": "Whois Inaccuracy Reporting",
            "description": "If you see inaccuracies in the results, please visit: ",
            "links": [
              "https://www.arin.net/resources/registry/whois/inaccuracy_reporting/"
            ]
          },
          {
            "title": "Copyright Notice",
            "description": "Copyright 1997-2025, American Registry for Internet Numbers, Ltd.",
            "links": null
          }
        ],
        "links": [
          "https://rdap.arin.net/registry/ip/104.16.0.0",
          "https://whois.arin.net/rest/net/NET-104-16-0-0-1"
        ],
        "events": [
          {
            "action": "last changed",
            "timestamp": "2024-09-04T06:51:26-04:00",
            "actor": null
          },
          {
            "action": "registration",
            "timestamp": "2014-03-28T11:30:55-04:00",
            "actor": null
          }
        ],
        "raw": null,
        "start_address": "104.16.0.0",
        "end_address": "104.31.255.255",
        "cidr": "104.16.0.0/12",
        "ip_version": "v4",
        "type": "DIRECT ALLOCATION",
        "name": "CLOUDFLARENET",
        "country": null,
        "parent_handle": "NET-104-0-0-0-0"
      }
    }
  },
  "raw_response": {
    "status_code": 200,
    "headers": {
      "date": "Tue, 04 Nov 2025 11:05:34 GMT",
      "content-type": "text/html; charset=utf-8",
      "content-encoding": "gzip",
      "cf-ray": "9993a3147b6e46f6-BOM",
      "cf-cache-status": "HIT",
      "cache-control": "max-age=7200, must-revalidate",
      "last-modified": "Fri, 17 Oct 2025 10:01:26 GMT",
      "strict-transport-security": "max-age=31536000; includeSubdomains; preload",
      "vary": "Accept-Encoding,X-Forwarded-Host",
      "via": "1.1 varnish, 1.1 varnish, 1.1 varnish",
      "cdn-cache-control": "max-age=172800, must-revalidate",
      "content-security-policy": "connect-src 'self' *.brightcove.com *.brightcove.net *.brightcovecdn.com *.contentsquare.net *.decibel.com *.decibelinsight.net *.demdex.net *.digitalpfizer.com *.doctor.com *.force.com *.franklin.edison.pfizer *.hapyak.com *.hlx.reviews/admin/ *.hotjar.com *.hotjar.io *.salesforce-sites.com *.web.pfizer *.worker.pfizer admin.hlx.page analytics-api.fireflyxdservices.com analytics.pmsrv.co api-iam.intercom.io api.neverbounce.com brightcove.hs.llnwd.net c.pmsrv.co cdn.cookielaw.org det-ms-config-manager.s3.amazonaws.com/ directory-service.consumerism.pressganey.com directory-service.ls.consumerism.pressganey.com dpm.demdex.net edge.adobedc.net einstein-cdn-stage.pfizer.com embed.vev.page firefly-api.fireflyxdservices.com/engagement fm.populus-media.net geoip-js.com geolocation.onetrust.com/ helix-pages.anywhere.run https://ad.doubleclick.net https://conversions-config.reddit.com https://pagead2.googlesyndication.com https://pixel-config.reddit.com https://www.redditstatic.com interactive-private.digitalpfizer.com interactive-protected.digitalpfizer.com interactive.digitalpfizer.com manifest.prod.boltdns.net maps.googleapis.com pfizer-privacy.my.onetrust.com/ pfizer.cloudflareaccess.com pfizer.sc.omtrdc.net resources.digital-cloud.medallia.eu rum.hlx.live/.rum. rum.hlx.page/.rum/ s.yimg.com smetrics.nurtec.com tagmanager.google.com udc-neb.kampyle.com uploads.interactivity.brightcove.com uploads.intercomcdn.com us-central1-adaptive-growth.cloudfunctions.net widget.intercom.io wss: www.aem.live www.doctor.com www.google-analytics.com www.google.com www.hlx.live www.interactivemanager.pfizer; script-src 'self' 'unsafe-eval' 'unsafe-inline' *.cloudfront.net/js/hapyak.js *.decibel.com *.decibelinsight.net *.digitalpfizer.com *.dotomi.com *.force.com *.franklin.edison.pfizer *.hotjar.com *.salesforce-sites.com *.salesforce.com *.salesforceliveagent.com activitymap.adobe.com/sc15/activitymap/ aim-tag.hcn.health/js/ analytics.pmsrv.co api.neverbounce.com assets.adobedtm.com c.evidon.com c.pmsrv.co cdn.cookielaw.org cdn.di-capt.com cdn.jsdelivr.net cdn.neverbounce.com/widget/dist/NeverBounce.js cdn.pdst.fm cdn.vev.design code.jquery.com connect.facebook.net einstein-cdn-dev.pfizer.com einstein-cdn-stage.pfizer.com einstein-cdn.pfizer.com embded.vev.page evidon.com fm.populus-media.net geoip-js.com geolocation.onetrust.com/ helix-pages.anywhere.run https://www.redditstatic.com interactive-private.digitalpfizer.com interactive-protected.digitalpfizer.com interactive.digitalpfizer.com js.adsrvr.org/ js.intercomcdn.com/ js.vev.design maps.googleapis.com player.interactivity.brightcove.com/ players.brightcove.net resources.digital-cloud.medallia.eu rum.hlx.live/.rum/ rum.hlx.page/.rum/ s.yimg.com sdc-ibfw-portal.pfizer.com:6082 static.cloudflareinsights.com t.contentsquare.net vjs.zencdn.net widget.doctor.com widget.intercom.io/ www.aem.live/tools/sidekick/library/ www.google-analytics.com www.google.com www.googletagmanager.com www.gstatic.com www.hlx.live/tools/sidekick/library/ www.interactivemanager.pfizer www.youtube.com www.youtube.com/iframe_api; default-src 'none'; style-src 'self' 'unsafe-inline' https:; font-src 'self' data: https:; img-src 'self' blob: data: https:; media-src 'self' *.media.brightcove.com blob: film.vev.design house-fastly-signed-eu-west-1-prod.brightcovecdn.com js.intercomcdn.com manifest.prod.boltdns.net secure.brightcove.com/services/mobile/streaming webfiles.digitalpfizer.com; frame-ancestors 'self' *.hapyak.com pfizer.cloudflareaccess.com pfizer.sharepoint.com; frame-src 'self' *.decibel.com *.decibelinsight.net *.doctor.com *.fls.doubleclick.net *.force.com *.hapyak-hosted.com *.hapyak.com *.salesforce.com activitymap.adobe.com/sc15/activitymap/ aim-tag.hcn.health/ fast.pfizer.demdex.net forms.office.com hapyak-assets.s3.amazonaws.com insight.adsrvr.org interactive-private.digitalpfizer.com interactive-protected.digitalpfizer.com interactive.digitalpfizer.com interactivity-uploads.s3.us-east-1.amazonaws.com/ intercom-sheets.com l3.evidon.com pdi.doctor.com pfizer.demdex.net players.brightcove.net read.marvel.com resources.digital-cloud.medallia.eu td.doubleclick.net/ uploads.interactivity.brightcove.com web.microsoftstream.com webfiles.digitalpfizer.com webfiles.pfizer.com www.google.com www.interactivemanager.pfizer www.medtargetsystem.com/ www.youtube.com; object-src 'self' players.brightcove.net; worker-src 'self' blob: unsafe-eval unsafe-inline; report-uri https://pfeprod.report-uri.com/r/t/csp/enforce",
      "referrer-policy": "same-origin",
      "x-cache": "MISS, HIT, MISS",
      "x-cache-hits": "0, 7, 0",
      "x-content-type-options": "nosniff",
      "x-edison-type": "Adobe",
      "x-frame-options": "SAMEORIGIN",
      "x-franklin-ref": "v186",
      "x-served-by": "cache-iad-kiad7000093-IAD, cache-iad-kiad7000093-IAD, cache-bom-vanm7210057-BOM",
      "x-timer": "S1760716877.396930,VS0,VE0",
      "x-xss-protection": "1; mode=block",
      "set-cookie": "__cf_bm=OpRE0aMwOptp4HU.N_NeB5ZLISvcoBskz1B1BIKBNI0-1762254334-1.0.1.1-sI1BMbcXgq_oETOltiA5x_MbG2mWS_Yp2Tr7NCYGyQDczmcwKMxtIZwz_sCnpXKrnnRTNnsVmuTXAj25nMQt1WAOIxOKP1wGMCCGnT1YCwA; path=/; expires=Tue, 04-Nov-25 11:35:34 GMT; domain=.nurtec.com; HttpOnly; Secure; SameSite=None, __cfruid=107a61fbc5bf893dbb1b3df1af72f4e9678c5313-1762254334; path=/; domain=.nurtec.com; HttpOnly; Secure; SameSite=None, _cfuvid=OwqtnusU._WKG.nNHOEanUpTI1pEhd0a.OUhb_DaOQ4-1762254334609-0.0.1.1-604800000; path=/; domain=.nurtec.com; HttpOnly; Secure; SameSite=None",
      "server": "cloudflare"
    }
  }
}