{
  "version": "2025-10-31-universal-v3",
  "description": "Universal web technology detection covering 300+ major technologies for all websites",
  "last_updated": "2025-10-31",
  "tech": [


    {
      "name": "Google Analytics",
      "category": "Analytics & Tracking",
      "subcategories": ["Web Analytics"],
      "description": "World's most popular web analytics service",
      "matchers": [
        {"type": "script_src_regex", "pattern": "google-analytics\\.com/(analytics|ga)\\.js|googletagmanager\\.com/gtag/js"},
        {"type": "html_regex", "pattern": "ga\\(|_gaq|GoogleAnalyticsObject|gtag\\("},
        {"type": "global_js_regex", "pattern": "ga\\(|_gaq\\.push|gtag|GoogleAnalyticsObject"},
        {"type": "cookie_regex", "pattern": "_ga|_gid|_gat"}
      ],
      "weight": 0.95
    },
    {
      "name": "Google Analytics 4",
      "category": "Analytics & Tracking",
      "subcategories": ["Web Analytics"],
      "aliases": ["GA4"],
      "matchers": [
        {"type": "script_src_regex", "pattern": "googletagmanager\\.com/gtag/js\\?id=G-"},
        {"type": "html_regex", "pattern": "gtag.*config.*G-[A-Z0-9]+"}
      ],
      "weight": 0.95
    },
    {
      "name": "Google Universal Analytics",
      "category": "Analytics & Tracking",
      "subcategories": ["Web Analytics"],
      "deprecated": true,
      "matchers": [
        {"type": "script_src_regex", "pattern": "google-analytics\\.com/analytics\\.js"},
        {"type": "html_regex", "pattern": "ga\\('create', 'UA-"}
      ],
      "weight": 0.9
    },
    {
      "name": "Adobe Analytics (Omniture SiteCatalyst)",
      "category": "Analytics & Tracking",
      "subcategories": ["Web Analytics", "Enterprise"],
      "description": "Adobe's enterprise analytics platform (formerly Omniture)",
      "matchers": [
        {"type": "script_src_regex", "pattern": "s_code\\.js|AppMeasurement\\.js|omtrdc\\.net|omniture\\.com|2o7\\.net"},
        {"type": "html_regex", "pattern": "s\\.t\\(|s\\.tl\\(|s_gi\\(|var\\s+s_account"},
        {"type": "global_js_regex", "pattern": "s_account|s_gi|AppMeasurement"},
        {"type": "cookie_regex", "pattern": "s_cc|s_sq|s_vi|s_fid"}
      ],
      "weight": 0.95
    },
    {
      "name": "Matomo (Piwik)",
      "category": "Analytics & Tracking",
      "aliases": ["Piwik"],
      "subcategories": ["Privacy-First", "Open Source"],
      "matchers": [
        {"type": "script_src_regex", "pattern": "piwik\\.js|matomo\\.js|piwik\\.php|matomo\\.php"},
        {"type": "html_regex", "pattern": "_paq|piwik|matomo"},
        {"type": "global_js_regex", "pattern": "_paq|Piwik|Matomo"}
      ],
      "weight": 0.95
    },
    {
      "name": "Mixpanel",
      "category": "Analytics & Tracking",
      "subcategories": ["Product Analytics"],
      "matchers": [
        {"type": "script_src_regex", "pattern": "cdn\\.mxpnl\\.com|mixpanel\\.com"},
        {"type": "global_js_regex", "pattern": "mixpanel\\.init|mixpanel\\.track"}
      ],
      "weight": 0.95
    },
    {
      "name": "Segment",
      "category": "Analytics & Tracking",
      "subcategories": ["Customer Data Platform"],
      "matchers": [
        {"type": "script_src_regex", "pattern": "cdn\\.segment\\.com|segment\\.io"},
        {"type": "global_js_regex", "pattern": "analytics\\.identify|analytics\\.track"}
      ],
      "weight": 0.95
    },
    {
      "name": "Amplitude",
      "category": "Analytics & Tracking",
      "subcategories": ["Product Analytics"],
      "matchers": [
        {"type": "script_src_regex", "pattern": "amplitude\\.com|cdn\\.amplitude\\.com"},
        {"type": "global_js_regex", "pattern": "amplitude\\.getInstance|amplitude\\.init"}
      ],
      "weight": 0.9
    },
    {
      "name": "Heap Analytics",
      "category": "Analytics & Tracking",
      "subcategories": ["Auto-capture"],
      "matchers": [
        {"type": "script_src_regex", "pattern": "heapanalytics\\.com|cdn\\.heapanalytics\\.com"},
        {"type": "global_js_regex", "pattern": "heap\\.load|heap\\.identify"}
      ],
      "weight": 0.9
    },
    {
      "name": "Plausible Analytics",
      "category": "Analytics & Tracking",
      "subcategories": ["Privacy-First"],
      "matchers": [
        {"type": "script_src_regex", "pattern": "plausible\\.io/js/(plausible|script)"}
      ],
      "weight": 0.9
    },
    {
      "name": "Fathom Analytics",
      "category": "Analytics & Tracking",
      "subcategories": ["Privacy-First", "Web Analytics"],
      "matchers": [
        {"type": "script_src_regex", "pattern": "cdn\\.usefathom\\.com|usefathom\\.com"},
        {"type": "global_js_regex", "pattern": "fathom"}
      ],
      "weight": 0.9
    },
    {
      "name": "Clicky",
      "category": "Analytics & Tracking",
      "subcategories": ["Web Analytics", "Real-time"],
      "matchers": [
        {"type": "script_src_regex", "pattern": "static\\.getclicky\\.com"},
        {"type": "global_js_regex", "pattern": "clicky"}
      ],
      "weight": 0.9
    },
    {
      "name": "Chartbeat",
      "category": "Analytics & Tracking",
      "subcategories": ["Real-time"],
      "matchers": [
        {"type": "script_src_regex", "pattern": "static\\.chartbeat\\.com"},
        {"type": "global_js_regex", "pattern": "_sf_async_config|chartbeat"}
      ],
      "weight": 0.9
    },
    {
      "name": "Crazy Egg",
      "category": "Analytics & Tracking",
      "subcategories": ["Heatmaps"],
      "matchers": [
        {"type": "script_src_regex", "pattern": "script\\.crazyegg\\.com"},
        {"type": "global_js_regex", "pattern": "CE2"}
      ],
      "weight": 0.9
    },
    {
      "name": "Hotjar",
      "category": "Analytics & Tracking",
      "subcategories": ["Heatmaps", "Session Recording", "Surveys"],
      "description": "Heatmap, survey, and session recording tool",
      "matchers": [
        {"type": "script_src_regex", "pattern": "hotjar\\.com|hotjar\\.io"},
        {"type": "html_regex", "pattern": "hjid|_hjSettings|hj\\("},
        {"type": "global_js_regex", "pattern": "hj\\(|hjid|_hjSettings"}
      ],
      "weight": 0.95
    },
    {
      "name": "FullStory",
      "category": "Analytics & Tracking",
      "subcategories": ["Session Replay"],
      "matchers": [
        {"type": "script_src_regex", "pattern": "fullstory\\.com|edge\\.fullstory\\.com"},
        {"type": "global_js_regex", "pattern": "FS\\.identify|_fs_"}
      ],
      "weight": 0.9
    },
    {
      "name": "Lucky Orange",
      "category": "Analytics & Tracking",
      "subcategories": ["Session Recording", "Heatmaps"],
      "matchers": [
        {"type": "script_src_regex", "pattern": "luckyorange\\.(com|net)"},
        {"type": "global_js_regex", "pattern": "luckyOrange|__lo_"}
      ],
      "weight": 0.9
    },
    {
      "name": "Mouseflow",
      "category": "Analytics & Tracking",
      "subcategories": ["Session Recording", "Heatmaps"],
      "matchers": [
        {"type": "script_src_regex", "pattern": "mouseflow\\.com|cdn\\.mouseflow\\.com"},
        {"type": "global_js_regex", "pattern": "_mfq|mouseflow"}
      ],
      "weight": 0.9
    },
    {
      "name": "Smartlook",
      "category": "Analytics & Tracking",
      "subcategories": ["Session Recording", "Heatmaps"],
      "matchers": [
        {"type": "script_src_regex", "pattern": "smartlook\\.com|rec\\.smartlook\\.com"},
        {"type": "global_js_regex", "pattern": "smartlook"}
      ],
      "weight": 0.9
    },
    {
      "name": "Content Square",
      "category": "Analytics & Tracking",
      "subcategories": ["Session Recording", "Experience Analytics"],
      "description": "Digital experience analytics platform (also spelled Content Square)",
      "matchers": [
        {"type": "script_src_regex", "pattern": "contentsquare\\.net|t\\.contentsquare\\.net"},
        {"type": "html_regex", "pattern": "_uxa|CS_CONF|contentsquare"},
        {"type": "global_js_regex", "pattern": "_uxa|CS_CONF"}
      ],
      "weight": 0.9
    },
    {
      "name": "Decibel Insight",
      "category": "Analytics & Tracking",
      "subcategories": ["Session Recording", "Behavioral Analytics"],
      "description": "Behavioral analytics platform with heatmaps and session replay",
      "matchers": [
        {"type": "script_src_regex", "pattern": "decibelinsight\\.net|cdn\\.decibelinsight\\.com"},
        {"type": "html_regex", "pattern": "decibelInsight|decibelinsight"},
        {"type": "global_js_regex", "pattern": "decibelInsight"}
      ],
      "weight": 0.9
    },
    {
      "name": "Kissmetrics",
      "category": "Analytics & Tracking",
      "subcategories": ["Product Analytics", "Customer Analytics"],
      "matchers": [
        {"type": "script_src_regex", "pattern": "kissmetrics\\.com|doug1izaerwt3\\.cloudfront\\.net"},
        {"type": "global_js_regex", "pattern": "_kmq|KM\\."}
      ],
      "weight": 0.9
    },
    {
      "name": "Woopra",
      "category": "Analytics & Tracking",
      "subcategories": ["Customer Analytics", "Real-time"],
      "matchers": [
        {"type": "script_src_regex", "pattern": "static\\.woopra\\.com"},
        {"type": "global_js_regex", "pattern": "woopra"}
      ],
      "weight": 0.9
    },
    {
      "name": "Adobe Experience Cloud",
      "category": "Analytics & Tracking",
      "subcategories": ["Marketing Automation", "Audience Measurement"],
      "description": "Complete set of marketing solutions from Adobe",
      "matchers": [
        {"type": "script_src_regex", "pattern": "marketing\\.adobe\\.com|demdex\\.net|adobe\\.com.*marketing"},
        {"type": "html_regex", "pattern": "adobe_mc|Visitor\\.getInstance"},
        {"type": "global_js_regex", "pattern": "adobe_mc|Visitor\\.getInstance"}
      ],
      "weight": 0.85
    },
    {
      "name": "Adobe Experience Platform Tags (Adobe Launch)",
      "category": "Analytics & Tracking",
      "subcategories": ["Tag Management"],
      "aliases": ["Adobe Launch", "Adobe Tags"],
      "description": "Adobe's tag management system (formerly Adobe Launch)",
      "matchers": [
        {"type": "script_src_regex", "pattern": "assets\\.adobedtm\\.com.*launch"},
        {"type": "html_regex", "pattern": "assets\\.adobedtm\\.com.*launch.*\\.js"},
        {"type": "global_js_regex", "pattern": "_satellite"}
      ],
      "weight": 0.95
    },
    {
      "name": "Adobe Dynamic Tag Management",
      "category": "Analytics & Tracking",
      "subcategories": ["Tag Management"],
      "deprecated": true,
      "matchers": [
        {"type": "script_src_regex", "pattern": "assets\\.adobedtm\\.com(?!.*launch)"},
        {"type": "html_regex", "pattern": "assets\\.adobedtm\\.com.*(?!launch).*\\.js"}
      ],
      "weight": 0.85
    },
    {
      "name": "Google Tag Manager",
      "category": "Analytics & Tracking",
      "subcategories": ["Tag Management"],
      "matchers": [
        {"type": "script_src_regex", "pattern": "googletagmanager\\.com/(gtm|gtag)/js"},
        {"type": "html_regex", "pattern": "GTM-[A-Z0-9]{6,}|gtag\\('config',"},
        {"type": "global_js_regex", "pattern": "google_tag_manager|dataLayer|gtag"}
      ],
      "weight": 0.95
    },
    {
      "name": "Global Site Tag",
      "category": "Analytics & Tracking",
      "subcategories": ["Tag Management"],
      "description": "Google's primary tag for measurement and conversion tracking",
      "matchers": [
        {"type": "script_src_regex", "pattern": "googletagmanager\\.com/gtag/js"},
        {"type": "global_js_regex", "pattern": "gtag\\("}
      ],
      "weight": 0.95
    },
    {
      "name": "Tealium",
      "category": "Analytics & Tracking",
      "subcategories": ["Tag Management"],
      "matchers": [
        {"type": "script_src_regex", "pattern": "tags\\.tiqcdn\\.com"},
        {"type": "global_js_regex", "pattern": "utag|tealium"}
      ],
      "weight": 0.9
    },
    {
      "name": "Ensighten",
      "category": "Analytics & Tracking",
      "subcategories": ["Tag Management"],
      "matchers": [
        {"type": "script_src_regex", "pattern": "nexus\\.ensighten\\.com"},
        {"type": "global_js_regex", "pattern": "Ensighten"}
      ],
      "weight": 0.9
    },
    {
      "name": "Signal (BrightTag)",
      "category": "Analytics & Tracking",
      "subcategories": ["Tag Management"],
      "matchers": [
        {"type": "script_src_regex", "pattern": "s\\.btstatic\\.com|thebrighttag\\.com"}
      ],
      "weight": 0.85
    },
    {
      "name": "Cloudflare Web Analytics",
      "category": "Analytics & Tracking",
      "subcategories": ["Privacy-First", "Web Analytics"],
      "matchers": [
        {"type": "script_src_regex", "pattern": "static\\.cloudflareinsights\\.com.*beacon"},
        {"type": "global_js_regex", "pattern": "__cfBeacon"}
      ],
      "weight": 0.9
    },
    {
      "name": "Yandex Metrica",
      "category": "Analytics & Tracking",
      "subcategories": ["Web Analytics"],
      "matchers": [
        {"type": "script_src_regex", "pattern": "mc\\.yandex\\.ru"},
        {"type": "global_js_regex", "pattern": "ym|yaCounter"}
      ],
      "weight": 0.9
    },
    {
      "name": "Baidu Analytics",
      "category": "Analytics & Tracking",
      "subcategories": ["Web Analytics"],
      "matchers": [
        {"type": "script_src_regex", "pattern": "hm\\.baidu\\.com"},
        {"type": "global_js_regex", "pattern": "_hmt"}
      ],
      "weight": 0.9
    },
    {
      "name": "Snowplow Analytics",
      "category": "Analytics & Tracking",
      "subcategories": ["Behavioral Data", "Open Source"],
      "matchers": [
        {"type": "script_src_regex", "pattern": "snowplow.*\\.js|sp\\.js"},
        {"type": "global_js_regex", "pattern": "snowplow|_snaq"}
      ],
      "weight": 0.85
    },
    {
      "name": "Pendo",
      "category": "Analytics & Tracking",
      "subcategories": ["Product Analytics"],
      "matchers": [
        {"type": "script_src_regex", "pattern": "cdn\\.pendo\\.io|pendo\\.io"},
        {"type": "global_js_regex", "pattern": "pendo"}
      ],
      "weight": 0.9
    },


    {
      "name": "WordPress",
      "category": "Content Management System",
      "subcategories": ["CMS", "Blogs"],
      "description": "World's most popular CMS",
      "matchers": [
        {"type": "html_regex", "pattern": "wp-content|wp-includes|/wp-json/"},
        {"type": "meta_regex", "pattern": "WordPress"},
        {"type": "cookie_regex", "pattern": "wordpress_logged_in|wp-settings"}
      ],
      "weight": 1.0
    },
    {
      "name": "Drupal",
      "category": "Content Management System",
      "subcategories": ["CMS"],
      "matchers": [
        {"type": "html_regex", "pattern": "Drupal|/sites/(default|all)/"},
        {"type": "meta_regex", "pattern": "Drupal"},
        {"type": "header_regex", "pattern": "X-Drupal|X-Generator.*Drupal"}
      ],
      "weight": 0.95
    },
    {
      "name": "Joomla",
      "category": "Content Management System",
      "subcategories": ["CMS"],
      "matchers": [
        {"type": "html_regex", "pattern": "/components/com_|/media/system/js/|Joomla"},
        {"type": "meta_regex", "pattern": "Joomla"},
        {"type": "header_regex", "pattern": "X-Content-Encoded-By.*Joomla"}
      ],
      "weight": 0.95
    },
    {
      "name": "Shopify",
      "category": "Content Management System",
      "subcategories": ["Ecommerce"],
      "matchers": [
        {"type": "html_regex", "pattern": "cdn\\.shopify\\.com|myshopify\\.com|Shopify\\."},
        {"type": "global_js_regex", "pattern": "Shopify|ShopifyAnalytics"},
        {"type": "header_regex", "pattern": "X-ShopId|X-Shopify"}
      ],
      "weight": 0.98
    },
    {
      "name": "Wix",
      "category": "Content Management System",
      "subcategories": ["Website Builder"],
      "matchers": [
        {"type": "html_regex", "pattern": "wix\\.com|wixstatic\\.com|X-Wix"},
        {"type": "meta_regex", "pattern": "wix\\.com"},
        {"type": "header_regex", "pattern": "X-Wix"}
      ],
      "weight": 0.98
    },
    {
      "name": "Squarespace",
      "category": "Content Management System",
      "subcategories": ["Website Builder"],
      "matchers": [
        {"type": "html_regex", "pattern": "squarespace|sqsp\\.net"},
        {"type": "meta_regex", "pattern": "Squarespace"},
        {"type": "header_regex", "pattern": "X-ServedBy.*squarespace"}
      ],
      "weight": 0.95
    },
    {
      "name": "Webflow",
      "category": "Content Management System",
      "subcategories": ["Website Builder"],
      "matchers": [
        {"type": "html_regex", "pattern": "webflow\\.com|webflow\\.io"},
        {"type": "meta_regex", "pattern": "Webflow"}
      ],
      "weight": 0.95
    },
    {
      "name": "Ghost",
      "category": "Content Management System",
      "subcategories": ["Blogging"],
      "matchers": [
        {"type": "html_regex", "pattern": "ghost\\.io|ghost\\.org"},
        {"type": "meta_regex", "pattern": "Ghost"}
      ],
      "weight": 0.9
    },
    {
      "name": "Blogger",
      "category": "Content Management System",
      "subcategories": ["Blogging"],
      "matchers": [
        {"type": "html_regex", "pattern": "blogger\\.com|blogspot\\.com"},
        {"type": "meta_regex", "pattern": "blogger"}
      ],
      "weight": 0.95
    },
    {
      "name": "Medium",
      "category": "Content Management System",
      "subcategories": ["Blogging"],
      "matchers": [
        {"type": "html_regex", "pattern": "medium\\.com"},
        {"type": "meta_regex", "pattern": "property=\"(article:tag|al:ios:app_name|al:android:app_name)\"\\s+content=\"Medium\""}
      ],
      "weight": 0.98
    },
    
    {
      "name": "WooCommerce",
      "category": "Content Management System",
      "subcategories": ["Ecommerce"],
      "matchers": [
        {"type": "html_regex", "pattern": "woocommerce|wc-|woocommerce-page"},
        {"type": "script_src_regex", "pattern": "woocommerce"},
        {"type": "cookie_regex", "pattern": "woocommerce"}
      ],
      "weight": 0.95
    },
    {
      "name": "PrestaShop",
      "category": "Content Management System",
      "subcategories": ["Ecommerce"],
      "matchers": [
        {"type": "html_regex", "pattern": "prestashop|/modules/|PS_VERSION"},
        {"type": "cookie_regex", "pattern": "PrestaShop"}
      ],
      "weight": 0.9
    },
    {
      "name": "OpenCart",
      "category": "Content Management System",
      "subcategories": ["Ecommerce"],
      "matchers": [
        {"type": "html_regex", "pattern": "catalog/view/theme|route=product/product"},
        {"type": "cookie_regex", "pattern": "OCSESSID"}
      ],
      "weight": 0.9
    },
    {
      "name": "BigCommerce",
      "category": "Content Management System",
      "subcategories": ["Ecommerce"],
      "matchers": [
        {"type": "html_regex", "pattern": "bigcommerce\\.com|cdn.*bigcommerce"},
        {"type": "header_regex", "pattern": "X-BC-"}
      ],
      "weight": 0.95
    },
    {
      "name": "Adobe Experience Manager (AEM)",
      "category": "Content Management System",
      "subcategories": ["Enterprise CMS"],
      "matchers": [
        {"type": "html_regex", "pattern": "/etc\\.clientlibs/|/content/dam/|aem-"},
        {"type": "header_regex", "pattern": "X-AEM"}
      ],
      "weight": 0.9
    },
    {
      "name": "Adobe Experience Manager Franklin",
      "category": "Content Management System",
      "subcategories": ["Headless CMS", "Edge Delivery"],
      "aliases": ["AEM Franklin", "AEM Edge Delivery"],
      "matchers": [
        {"type": "script_src_regex", "pattern": "hlx\\.(page|live)"},
        {"type": "meta_regex", "pattern": "franklin|hlx"},
        {"type": "header_regex", "pattern": "x-franklin|x-edison-type.*Adobe"}
      ],
      "weight": 0.95
    },
    {
      "name": "Sitecore",
      "category": "Content Management System",
      "subcategories": ["Enterprise CMS"],
      "matchers": [
        {"type": "html_regex", "pattern": "/sitecore/|Sitecore"},
        {"type": "cookie_regex", "pattern": "SC_ANALYTICS"}
      ],
      "weight": 0.9
    },
    {
      "name": "Contentful",
      "category": "Content Management System",
      "subcategories": ["Headless CMS"],
      "matchers": [
        {"type": "html_regex", "pattern": "contentful\\.com|cdn\\.contentful\\.com"}
      ],
      "weight": 0.85
    },
    {
      "name": "Strapi",
      "category": "Content Management System",
      "subcategories": ["Headless CMS"],
      "matchers": [
        {"type": "html_regex", "pattern": "X-Powered-By.*Strapi"},
        {"type": "header_regex", "pattern": "X-Powered-By.*Strapi"}
      ],
      "weight": 0.9
    },
    {
      "name": "Sanity",
      "category": "Content Management System",
      "subcategories": ["Headless CMS"],
      "matchers": [
        {"type": "html_regex", "pattern": "sanity\\.io|cdn\\.sanity\\.io"}
      ],
      "weight": 0.85
    },
    {
      "name": "DatoCMS",
      "category": "Content Management System",
      "subcategories": ["Headless CMS"],
      "matchers": [
        {"type": "html_regex", "pattern": "datocms|www\\.datocms-assets\\.com"}
      ],
      "weight": 0.85
    },
    {
      "name": "Prismic",
      "category": "Content Management System",
      "subcategories": ["Headless CMS"],
      "matchers": [
        {"type": "html_regex", "pattern": "prismic\\.io|cdn\\.prismic\\.io"}
      ],
      "weight": 0.85
    },
    {
      "name": "Umbraco",
      "category": "Content Management System",
      "subcategories": ["CMS", ".NET"],
      "matchers": [
        {"type": "html_regex", "pattern": "Umbraco|/umbraco/"},
        {"type": "header_regex", "pattern": "X-Umbraco"}
      ],
      "weight": 0.9
    },
    {
      "name": "Craft CMS",
      "category": "Content Management System",
      "subcategories": ["CMS"],
      "matchers": [
        {"type": "html_regex", "pattern": "Craft CMS|craftcms"},
        {"type": "cookie_regex", "pattern": "CraftSessionId"}
      ],
      "weight": 0.9
    },
    {
      "name": "TYPO3",
      "category": "Content Management System",
      "subcategories": ["CMS", "Enterprise"],
      "matchers": [
        {"type": "html_regex", "pattern": "typo3|TYPO3"},
        {"type": "meta_regex", "pattern": "TYPO3"}
      ],
      "weight": 0.9
    },
    {
      "name": "Concrete CMS",
      "category": "Content Management System",
      "subcategories": ["CMS"],
      "aliases": ["Concrete5"],
      "matchers": [
        {"type": "html_regex", "pattern": "concrete5|Concrete CMS"},
        {"type": "meta_regex", "pattern": "concrete"}
      ],
      "weight": 0.85
    },
    {
      "name": "Sitefinity",
      "category": "Content Management System",
      "subcategories": ["CMS", ".NET"],
      "matchers": [
        {"type": "html_regex", "pattern": "Sitefinity|/Sitefinity/"},
        {"type": "meta_regex", "pattern": "Sitefinity"}
      ],
      "weight": 0.85
    },
    {
      "name": "Kentico",
      "category": "Content Management System",
      "subcategories": ["CMS", ".NET"],
      "matchers": [
        {"type": "html_regex", "pattern": "Kentico|CMSPages/"},
        {"type": "meta_regex", "pattern": "Kentico"}
      ],
      "weight": 0.85
    },


    {
      "name": "React",
      "category": "JavaScript Frameworks",
      "subcategories": ["UI Library"],
      "description": "Facebook's UI library",
      "matchers": [
        {"type": "html_regex", "pattern": "react|_react|__REACT|data-reactroot|data-reactid"},
        {"type": "global_js_regex", "pattern": "React|ReactDOM"},
        {"type": "script_src_regex", "pattern": "react(-dom)?\\."}
      ],
      "weight": 0.9
    },
    {
      "name": "Next.js",
      "category": "JavaScript Frameworks",
      "subcategories": ["React Framework"],
      "matchers": [
        {"type": "html_regex", "pattern": "__NEXT_DATA__|_next/static|next\\.js"},
        {"type": "global_js_regex", "pattern": "__NEXT_DATA__"},
        {"type": "header_regex", "pattern": "x-nextjs"}
      ],
      "weight": 0.95
    },
    {
      "name": "Vue.js",
      "category": "JavaScript Frameworks",
      "subcategories": ["Progressive Framework"],
      "matchers": [
        {"type": "html_regex", "pattern": "v-cloak|v-if|v-for|data-v-"},
        {"type": "global_js_regex", "pattern": "Vue|vue"},
        {"type": "script_src_regex", "pattern": "vue(\\.min)?\\.js"}
      ],
      "weight": 0.9
    },
    {
      "name": "Nuxt.js",
      "category": "JavaScript Frameworks",
      "subcategories": ["Vue Framework"],
      "matchers": [
        {"type": "html_regex", "pattern": "__NUXT__|nuxt\\.js|_nuxt/"},
        {"type": "global_js_regex", "pattern": "__NUXT__"}
      ],
      "weight": 0.95
    },
    {
      "name": "Angular",
      "category": "JavaScript Frameworks",
      "subcategories": ["SPA Framework"],
      "matchers": [
        {"type": "html_regex", "pattern": "ng-app|ng-controller|ng-bind|\\[ngIf\\]|\\*ngFor"},
        {"type": "global_js_regex", "pattern": "angular|ng\\."},
        {"type": "script_src_regex", "pattern": "angular(\\.min)?\\.js"}
      ],
      "weight": 0.9
    },
    {
      "name": "Svelte",
      "category": "JavaScript Frameworks",
      "subcategories": ["Compiler"],
      "matchers": [
        {"type": "html_regex", "pattern": "class=\"svelte-[a-z0-9]+\""},
        {"type": "script_src_regex", "pattern": "svelte"}
      ],
      "weight": 0.85
    },
    {
      "name": "SvelteKit",
      "category": "JavaScript Frameworks",
      "subcategories": ["Svelte Framework"],
      "matchers": [
        {"type": "html_regex", "pattern": "sveltekit|__sveltekit"},
        {"type": "global_js_regex", "pattern": "__sveltekit"}
      ],
      "weight": 0.9
    },
    {
      "name": "Ember.js",
      "category": "JavaScript Frameworks",
      "subcategories": ["SPA Framework"],
      "matchers": [
        {
          "type": "script_src_regex",
          "pattern": "ember(\\.min)?\\.js"
        },
        {
          "type": "global_js_regex",
          "pattern": "Ember"
        },
        {
          "type": "html_regex",
          "pattern": "class=[\"'][^\"']*ember-application[^\"']*[\"']"
        }
      ],
      "weight": 0.85
    },
    {
      "name": "Backbone.js",
      "category": "JavaScript Frameworks",
      "subcategories": ["MVC Framework"],
      "matchers": [
        {"type": "global_js_regex", "pattern": "Backbone"},
        {"type": "script_src_regex", "pattern": "backbone"}
      ],
      "weight": 0.8
    },
    {
      "name": "Gatsby",
      "category": "JavaScript Frameworks",
      "subcategories": ["Static Site Generator"],
      "matchers": [
        {"type": "html_regex", "pattern": "gatsby|___gatsby"},
        {"type": "global_js_regex", "pattern": "___gatsby"}
      ],
      "weight": 0.9
    },
    {
      "name": "Astro",
      "category": "JavaScript Frameworks",
      "subcategories": ["Static Site Generator"],
      "matchers": [
        {"type": "html_regex", "pattern": "astro-|data-astro"},
        {"type": "meta_regex", "pattern": "astro"}
      ],
      "weight": 0.85
    },
    {
      "name": "Remix",
      "category": "JavaScript Frameworks",
      "subcategories": ["React Framework", "Full Stack"],
      "matchers": [
        {"type": "html_regex", "pattern": "remix|__remix"},
        {"type": "global_js_regex", "pattern": "__remix"}
      ],
      "weight": 0.85
    },
    {
      "name": "SolidJS",
      "category": "JavaScript Frameworks",
      "subcategories": ["Reactive"],
      "matchers": [
        {"type": "html_regex", "pattern": "solid-js|_$"},
        {"type": "global_js_regex", "pattern": "solidjs"}
      ],
      "weight": 0.8
    },
    {
      "name": "Preact",
      "category": "JavaScript Frameworks",
      "subcategories": ["Lightweight React Alternative"],
      "matchers": [
        {"type": "global_js_regex", "pattern": "preact"},
        {"type": "script_src_regex", "pattern": "preact"}
      ],
      "weight": 0.8
    },
    {
      "name": "Alpine.js",
      "category": "JavaScript Frameworks",
      "subcategories": ["Lightweight"],
      "matchers": [
        {"type": "html_regex", "pattern": "x-data|x-bind|x-on|x-show"},
        {"type": "global_js_regex", "pattern": "Alpine"}
      ],
      "weight": 0.85
    },
    {
      "name": "HTMX",
      "category": "JavaScript Frameworks",
      "subcategories": ["Hypermedia"],
      "matchers": [
        {"type": "html_regex", "pattern": "hx-get|hx-post|hx-trigger"},
        {"type": "script_src_regex", "pattern": "htmx"}
      ],
      "weight": 0.85
    },


    {
      "name": "jQuery",
      "category": "JavaScript Libraries",
      "subcategories": ["DOM Manipulation"],
      "matchers": [
        {"type": "script_src_regex", "pattern": "jquery(\\.min)?\\.js"},
        {"type": "html_regex", "pattern": "jQuery"},
        {"type": "global_js_regex", "pattern": "jQuery|\\$\\.fn\\.jquery"}
      ],
      "weight": 0.9
    },
    {
      "name": "jQuery UI",
      "category": "JavaScript Libraries",
      "subcategories": ["UI Components"],
      "matchers": [
        {"type": "script_src_regex", "pattern": "jquery-ui(\\.min)?\\.js"},
        {"type": "html_regex", "pattern": "jquery-ui"},
        {"type": "global_js_regex", "pattern": "\\$\\.ui"}
      ],
      "weight": 0.85
    },
    {
      "name": "Lodash",
      "category": "JavaScript Libraries",
      "subcategories": ["Utility"],
      "matchers": [
        {"type": "script_src_regex", "pattern": "lodash(\\.min)?\\.js"},
        {"type": "global_js_regex", "pattern": "_\\.VERSION"}
      ],
      "weight": 0.85
    },
    {
      "name": "Underscore.js",
      "category": "JavaScript Libraries",
      "subcategories": ["Utility"],
      "matchers": [
        { "type": "script_src_regex", "pattern": "underscore(\\.js|\\.min\\.js|\\-umd(\\-min)?\\.js)" },
        { "type": "global_js_regex", "pattern": "_\\.[a-zA-Z]+" }
      ],
      "weight": 0.8
    },
    {
      "name": "Moment.js",
      "category": "JavaScript Libraries",
      "subcategories": ["Date/Time"],
      "matchers": [
        { "type": "script_src_regex", "pattern": "moment(-with-locales)?(\\.min)?\\.js" },
        { "type": "global_js_regex", "pattern": "window\\.moment|\\bmoment\\s*\\(|\\bmoment\\.[a-zA-Z]+\\s*\\(" }
      ],
      "weight": 0.85
    },
    {
      "name": "Day.js",
      "category": "JavaScript Libraries",
      "subcategories": ["Date/Time"],
      "matchers": [
        { "type": "script_src_regex", "pattern": "dayjs(\\.min)?\\.js" },
        { "type": "global_js_regex", "pattern": "window\\.dayjs|\\bdayjs\\s*\\(" }
      ],
      "weight": 0.8
    },
    {
      "name": "Axios",
      "category": "JavaScript Libraries",
      "subcategories": ["HTTP Client"],
      "matchers": [
        {"type": "script_src_regex", "pattern": "axios(\\.min)?\\.js"},
        {"type": "global_js_regex", "pattern": "axios"}
      ],
      "weight": 0.85
    },
    {
      "name": "Three.js",
      "category": "JavaScript Libraries",
      "subcategories": ["3D Graphics"],
      "matchers": [
        {"type": "script_src_regex", "pattern": "three(\\.min)?\\.js"},
        {"type": "global_js_regex", "pattern": "THREE"}
      ],
      "weight": 0.85
    },
    {
      "name": "D3.js",
      "category": "JavaScript Libraries",
      "subcategories": ["Data Visualization"],
      "matchers": [
        {"type": "script_src_regex", "pattern": "d3(\\.min)?\\.js|d3\\.v[0-9]"},
        {"type": "global_js_regex", "pattern": "^d3$"}
      ],
      "weight": 0.9
    },
    {
      "name": "Chart.js",
      "category": "JavaScript Libraries",
      "subcategories": ["Charts"],
      "matchers": [
        { "type": "script_src_regex", "pattern": "chart(\\.min)?\\.js" },
        { "type": "global_js_regex", "pattern": "window\\.Chart|\\bnew\\s+Chart\\s*\\(|\\bChart\\.[a-zA-Z]+\\s*\\(" }
      ],
      "weight": 0.85
    },
    {
      "name": "Highcharts",
      "category": "JavaScript Libraries",
      "subcategories": ["Charts"],
      "matchers": [
        {"type": "script_src_regex", "pattern": "highcharts"},
        {"type": "global_js_regex", "pattern": "Highcharts"}
      ],
      "weight": 0.85
    },
    {
      "name": "Leaflet",
      "category": "JavaScript Libraries",
      "subcategories": ["Maps"],
      "matchers": [
        {"type": "script_src_regex", "pattern": "leaflet"},
        {"type": "global_js_regex", "pattern": "^L$"}
      ],
      "weight": 0.85
    },
    {
      "name": "Google Maps",
      "category": "JavaScript Libraries",
      "subcategories": ["Maps"],
      "matchers": [
        { "type": "script_src_regex", "pattern": "maps\\.googleapis\\.com/maps/api/js" },
        { "type": "global_js_regex", "pattern": "window\\.google\\.maps|google\\.maps\\.Map|google\\.maps\\.LatLng" }
      ],
      "weight": 0.95
    },
    {
      "name": "Mapbox",
      "category": "JavaScript Libraries",
      "subcategories": ["Maps"],
      "matchers": [
        {"type": "script_src_regex", "pattern": "mapbox"},
        {"type": "global_js_regex", "pattern": "mapboxgl"}
      ],
      "weight": 0.9
    },
    {
      "name": "Swiper",
      "category": "JavaScript Libraries",
      "subcategories": ["Slider/Carousel"],
      "matchers": [
        {"type": "script_src_regex", "pattern": "swiper"},
        {"type": "html_regex", "pattern": "swiper-container|swiper-slide"},
        {"type": "global_js_regex", "pattern": "Swiper"}
      ],
      "weight": 0.85
    },
    {
      "name": "Slick",
      "category": "JavaScript Libraries",
      "subcategories": ["Slider/Carousel"],
      "matchers": [
        {"type": "script_src_regex", "pattern": "slick"},
        {"type": "html_regex", "pattern": "slick-slide|slick-track"},
        {"type": "global_js_regex", "pattern": "jQuery\\.fn\\.slick"}
      ],
      "weight": 0.85
    },
    {
      "name": "Owl Carousel",
      "category": "JavaScript Libraries",
      "subcategories": ["Slider/Carousel"],
      "matchers": [
        {"type": "script_src_regex", "pattern": "owl\\.carousel"},
        {"type": "html_regex", "pattern": "owl-carousel"},
        {"type": "global_js_regex", "pattern": "jQuery\\.fn\\.owlCarousel"}
      ],
      "weight": 0.8
    },
    {
      "name": "AOS (Animate On Scroll)",
      "category": "JavaScript Libraries",
      "subcategories": ["Animation"],
      "matchers": [
        {"type": "script_src_regex", "pattern": "aos\\.js"},
        {"type": "html_regex", "pattern": "data-aos"},
        {"type": "global_js_regex", "pattern": "^AOS$"}
      ],
      "weight": 0.8
    },
    {
      "name": "GSAP",
      "category": "JavaScript Libraries",
      "subcategories": ["Animation"],
      "matchers": [
        {"type": "script_src_regex", "pattern": "gsap|TweenMax|TweenLite"},
        {"type": "global_js_regex", "pattern": "gsap|TweenMax"}
      ],
      "weight": 0.85
    },
    {
      "name": "Animate.css",
      "category": "JavaScript Libraries",
      "subcategories": ["Animation"],
      "matchers": [
        {"type": "html_regex", "pattern": "animate__animated|animate\\.css"}
      ],
      "weight": 0.8
    },
    {
      "name": "Socket.IO",
      "category": "JavaScript Libraries",
      "subcategories": ["WebSocket"],
      "matchers": [
        {"type": "script_src_regex", "pattern": "socket\\.io"},
        {"type": "global_js_regex", "pattern": "^io$"}
      ],
      "weight": 0.85
    },
    {
      "name": "Intersection Observer",
      "category": "JavaScript Libraries",
      "subcategories": ["Browser API"],
      "matchers": [
        {"type": "global_js_regex", "pattern": "IntersectionObserver"}
      ],
      "weight": 0.8
    },


    {
      "name": "Bootstrap",
      "category": "CSS Frameworks",
      "subcategories": ["UI Framework"],
      "matchers": [
        { "type": "script_src_regex", "pattern": "bootstrap(\\.bundle)?(\\.min)?\\.js" },
        { "type": "link_regex", "pattern": "bootstrap(\\.min)?\\.css" },
        { "type": "global_js_regex", "pattern": "window\\.bootstrap|bootstrap\\.[A-Za-z]+" }
      ],
      "weight": 0.9
    },
    {
      "name": "Tailwind CSS",
      "category": "CSS Frameworks",
      "subcategories": ["Utility-First"],
      "matchers": [
        { "type": "html_regex", "pattern": "tailwind(\\.min)?\\.css|cdn\\.tailwindcss\\.com" },
        { "type": "html_regex", "pattern": "class=[\"'][^\"']*(?:tw-|text-|bg-|font-|p-|m-|w-|h-|flex|grid|gap-|rounded|shadow|border|container|mx-|my-|px-|py-|sm:|md:|lg:|xl:|2xl:)[^\"']*[\"']" }
      ],
      "weight": 0.95
    },
    {
      "name": "Foundation",
      "category": "CSS Frameworks",
      "subcategories": ["Responsive"],
      "matchers": [
        {"type": "html_regex", "pattern": "foundation|large-|medium-|small-"},
        {"type": "link_regex", "pattern": "foundation"}
      ],
      "weight": 0.85
    },
    {
      "name": "Bulma",
      "category": "CSS Frameworks",
      "subcategories": ["CSS Only"],
      "matchers": [
        {"type": "html_regex", "pattern": "bulma|is-primary|is-active"},
        {"type": "link_regex", "pattern": "bulma"}
      ],
      "weight": 0.8
    },
    {
      "name": "Material-UI",
      "category": "CSS Frameworks",
      "subcategories": ["React"],
      "matchers": [
        {"type": "html_regex", "pattern": "MuiButton|Mui|makeStyles"},
        {"type": "script_src_regex", "pattern": "@mui|@material-ui"}
      ],
      "weight": 0.85
    },
    {
      "name": "Ant Design",
      "category": "CSS Frameworks",
      "subcategories": ["React"],
      "matchers": [
        {"type": "html_regex", "pattern": "ant-btn|ant-|antd"},
        {"type": "script_src_regex", "pattern": "antd"}
      ],
      "weight": 0.85
    },
    {
      "name": "Semantic UI",
      "category": "CSS Frameworks",
      "subcategories": ["UI Framework"],
      "matchers": [
        {"type": "html_regex", "pattern": "ui button|ui container|semantic"},
        {"type": "link_regex", "pattern": "semantic"}
      ],
      "weight": 0.8
    },
    {
      "name": "UIKit",
      "category": "CSS Frameworks",
      "subcategories": ["Lightweight"],
      "matchers": [
        {"type": "html_regex", "pattern": "uk-button|uk-container|uikit"},
        {"type": "script_src_regex", "pattern": "uikit"}
      ],
      "weight": 0.8
    },
    {
      "name": "Materialize",
      "category": "CSS Frameworks",
      "subcategories": ["Material Design"],
      "matchers": [
        {"type": "html_regex", "pattern": "materialize|waves-effect"},
        {"type": "link_regex", "pattern": "materialize"}
      ],
      "weight": 0.8
    },
    {
      "name": "Chakra UI",
      "category": "CSS Frameworks",
      "subcategories": ["React"],
      "matchers": [
        {"type": "html_regex", "pattern": "chakra-|css-"},
        {"type": "script_src_regex", "pattern": "@chakra-ui"}
      ],
      "weight": 0.8
    },


    {
      "name": "Nginx",
      "category": "Web Server",
      "subcategories": ["Reverse Proxy", "Load Balancer", "HTTP Server"],
      "matchers": [
        { "type": "header_regex", "header": "server", "pattern": "^nginx(?:/([\\d.]+))?$" }
      ],
      "weight": 0.95
    },
    {
      "name": "Apache",
      "category": "Web Server",
      "matchers": [
        { "type": "header_regex", "header": "server", "pattern": "^Apache(?:/([\\d.]+))?$" }
      ],
      "weight": 0.95
    },
    {
      "name": "Microsoft IIS",
      "category": "Web Server",
      "matchers": [
        {"type": "header_regex", "pattern": "Server:\\s*Microsoft-IIS"}
      ],
      "weight": 0.95
    },
    {
      "name": "LiteSpeed",
      "category": "Web Server",
      "subcategories": ["High Performance"],
      "matchers": [
        {"type": "header_regex", "pattern": "Server:\\s*LiteSpeed"}
      ],
      "weight": 0.9
    },
    {
      "name": "Caddy",
      "category": "Web Server",
      "subcategories": ["Automatic HTTPS"],
      "matchers": [
        {"type": "header_regex", "pattern": "Server:\\s*Caddy"}
      ],
      "weight": 0.85
    },
    {
      "name": "Varnish",
      "category": "Web Server",
      "subcategories": ["Caching"],
      "matchers": [
        {"type": "header_regex", "pattern": "X-Varnish|Via:.*\\d+\\.\\d+\\s+varnish|Server:\\s*varnish"}
      ],
      "weight": 0.95
    },
    {
      "name": "Tomcat",
      "category": "Web Server",
      "subcategories": ["Java"],
      "matchers": [
        {"type": "header_regex", "pattern": "Server:\\s*Apache-Coyote|X-Powered-By:\\s*Tomcat"}
      ],
      "weight": 0.85
    },
    {
      "name": "Node.js",
      "category": "Web Server",
      "subcategories": ["JavaScript Runtime"],
      "matchers": [
        {"type": "header_regex", "pattern": "X-Powered-By:\\s*Express|X-Powered-By:\\s*Node"}
      ],
      "weight": 0.85
    },


    {
      "name": "Cloudflare",
      "category": "CDN & Hosting",
      "subcategories": ["CDN", "Security"],
      "matchers": [
        {"type": "header_regex", "pattern": "CF-RAY|cf-cache-status|Server:\\s*cloudflare"}
      ],
      "weight": 0.95
    },
    {
      "name": "AWS CloudFront",
      "category": "CDN & Hosting",
      "subcategories": ["CDN", "AWS"],
      "matchers":  [
        {
          "type": "header_regex",
          "pattern": "Server:\\s*CloudFront|X-Amz-Cf-Id|X-Amz-Cf-Pop"
        }
      ],
      "weight": 0.9
    },
    {
      "name": "Akamai",
      "category": "CDN & Hosting",
      "subcategories": ["CDN", "Enterprise"],
      "matchers": [
        {
          "type": "header_regex",
          "pattern": "Server:\\s*AkamaiGHost|X-Akamai-Session-Info|X-Akamai-Request-ID|X-Cache:.*Akamai|X-True-Cache-Key"
        }
      ],
      "weight": 0.9
    },
    {
      "name": "Fastly",
      "category": "CDN & Hosting",
      "subcategories": ["CDN", "Edge Cloud"],
      "matchers": [
        {"type": "header_regex", "pattern": "X-Fastly|Fastly|x-served-by.*cache"}
      ],
      "weight": 0.85
    },
    {
      "name": "Amazon S3",
      "category": "CDN & Hosting",
      "subcategories": ["Object Storage", "AWS"],
      "matchers": [
        {
          "type": "header_regex",
          "pattern": "Server:\\s*AmazonS3|x-amz-request-id|x-amz-id-2|x-amz-bucket-region"
        }
      ],
      "weight": 0.9
    },
    {
      "name": "Google Cloud CDN",
      "category": "CDN & Hosting",
      "subcategories": ["CDN", "Google Cloud"],
      "matchers": [
        {"type": "header_regex", "pattern": "Via:.*google"}
      ],
      "weight": 0.85
    },
    {
      "name": "Azure CDN",
      "category": "CDN & Hosting",
      "subcategories": ["CDN", "Microsoft Azure"],
      "matchers": [
        {"type": "header_regex", "pattern": "X-Azure|X-Cache.*azure"}
      ],
      "weight": 0.85
    },
    {
      "name": "jsDelivr",
      "category": "CDN & Hosting",
      "subcategories": ["Public CDN"],
      "matchers": [
        {"type": "script_src_regex", "pattern": "cdn\\.jsdelivr\\.net"}
      ],
      "weight": 0.9
    },
    {
      "name": "unpkg",
      "category": "CDN & Hosting",
      "subcategories": ["Public CDN", "npm"],
      "matchers": [
        {"type": "script_src_regex", "pattern": "unpkg\\.com"}
      ],
      "weight": 0.85
    },
    {
      "name": "cdnjs",
      "category": "CDN & Hosting",
      "subcategories": ["Public CDN"],
      "matchers": [
        {"type": "script_src_regex", "pattern": "cdnjs\\.cloudflare\\.com"}
      ],
      "weight": 0.9
    },
    {
      "name": "Vercel",
      "category": "CDN & Hosting",
      "subcategories": ["Serverless", "Edge Functions"],
      "matchers": [
        {
          "type": "header_regex",
          "pattern": "server:\\s*Vercel|x-vercel-id|x-vercel-cache"
        }
      ],
      "weight": 0.9
    },
    {
      "name": "Netlify",
      "category": "CDN & Hosting",
      "subcategories": ["Jamstack", "Serverless"],
      "matchers": [
        {
          "type": "header_regex",
          "pattern": "server:\\s*Netlify|x-nf-request-id|x-nf-cache-status"
        }
      ],
      "weight": 0.9
    },
    {
      "name": "GitHub Pages",
      "category": "CDN & Hosting",
      "subcategories": ["Static Hosting"],
      "matchers": [
        {"type": "header_regex", "pattern": "X-GitHub-Request"}
      ],
      "weight": 0.95
    },
    {
      "name": "Heroku",
      "category": "CDN & Hosting",
      "subcategories": ["PaaS"],
      "matchers": [
        {"type": "header_regex", "pattern": "Via:.*heroku"}
      ],
      "weight": 0.9
    },
    {
      "name": "DigitalOcean",
      "category": "CDN & Hosting",
      "subcategories": ["Cloud Hosting"],
      "matchers": [
        {"type": "html_regex", "pattern": "digitaloceanspaces\\.com"}
      ],
      "weight": 0.85
    },


    {
      "name": "MaxMind",
      "category": "Mapping",
      "subcategories": ["Geolocation", "GeoIP"],
      "description": "Geographic lookup tool for geolocation and IP intelligence",
      "matchers": [
        {"type": "script_src_regex", "pattern": "geoip-js\\.com|maxmind\\.com"},
        {"type": "html_regex", "pattern": "maxmind|geoip"}
      ],
      "weight": 0.85
    },


    {
      "name": "Stripe",
      "category": "Payment Processing",
      "matchers": [
        {"type": "script_src_regex", "pattern": "js\\.stripe\\.com"},
        {"type": "global_js_regex", "pattern": "Stripe\\("}
      ],
      "weight": 0.95
    },
    {
      "name": "PayPal",
      "category": "Payment Processing",
      "matchers": [
        {"type": "script_src_regex", "pattern": "paypal\\.com|paypalobjects\\.com"},
        {"type": "html_regex", "pattern": "paypal"}
      ],
      "weight": 0.95
    },
    {
      "name": "Square",
      "category": "Payment Processing",
      "matchers": [
        {"type": "script_src_regex", "pattern": "squareup\\.com|square\\.link"},
        {"type": "global_js_regex", "pattern": "Square"}
      ],
      "weight": 0.9
    },
    {
      "name": "Braintree",
      "category": "Payment Processing",
      "matchers": [
        {"type": "script_src_regex", "pattern": "braintreegateway\\.com"},
        {"type": "global_js_regex", "pattern": "braintree"}
      ],
      "weight": 0.9
    },
    {
      "name": "Authorize.Net",
      "category": "Payment Processing",
      "matchers": [
        {"type": "script_src_regex", "pattern": "authorize\\.net"},
        {"type": "html_regex", "pattern": "authorize\\.net"}
      ],
      "weight": 0.9
    },
    {
      "name": "Adyen",
      "category": "Payment Processing",
      "matchers": [
        {"type": "script_src_regex", "pattern": "adyen\\.com"},
        {"type": "global_js_regex", "pattern": "adyen"}
      ],
      "weight": 0.85
    },
    {
      "name": "Klarna",
      "category": "Payment Processing",
      "matchers": [
        {"type": "script_src_regex", "pattern": "klarna\\.com|x\\.klarnacdn\\.net"},
        {"type": "global_js_regex", "pattern": "Klarna"}
      ],
      "weight": 0.85
    },
    {
      "name": "Razorpay",
      "category": "Payment Processing",
      "matchers": [
        {"type": "script_src_regex", "pattern": "checkout\\.razorpay\\.com"},
        {"type": "global_js_regex", "pattern": "Razorpay"}
      ],
      "weight": 0.9
    },
    {
      "name": "Mollie",
      "category": "Payment Processing",
      "matchers": [
        {"type": "script_src_regex", "pattern": "mollie\\.com"}
      ],
      "weight": 0.85
    },


    {
      "name": "Mailchimp",
      "category": "Email Services",
      "subcategories": ["Marketing Automation"],
      "matchers": [
        {"type": "script_src_regex", "pattern": "list-manage\\.com|mailchimp\\.com"},
        {"type": "html_regex", "pattern": "mailchimp"}
      ],
      "weight": 0.95
    },
    {
      "name": "SendGrid",
      "category": "Email Services",
      "subcategories": ["Transactional Email"],
      "matchers": [
        {"type": "script_src_regex", "pattern": "sendgrid\\.com|sendgrid\\.net"},
        {"type": "header_regex", "pattern": "X-SG-"}
      ],
      "weight": 0.9
    },
    {
      "name": "Mandrill",
      "category": "Email Services",
      "subcategories": ["Transactional Email"],
      "matchers": [
        {"type": "html_regex", "pattern": "mandrillapp\\.com"},
        {"type": "header_regex", "pattern": "X-Mandrill"}
      ],
      "weight": 0.85
    },
    {
      "name": "Amazon SES",
      "category": "Email Services",
      "subcategories": ["Transactional Email", "AWS"],
      "matchers": [
        {"type": "header_regex", "pattern": "X-SES-|amazonses"}
      ],
      "weight": 0.85
    },
    {
      "name": "SparkPost",
      "category": "Email Services",
      "subcategories": ["Transactional Email"],
      "matchers": [
        {"type": "header_regex", "pattern": "X-MSYS-API|sparkpost"}
      ],
      "weight": 0.8
    },
    {
      "name": "Postmark",
      "category": "Email Services",
      "subcategories": ["Transactional Email"],
      "matchers": [
        {"type": "header_regex", "pattern": "X-Postmark"}
      ],
      "weight": 0.85
    },


    {
      "name": "Google Ads (AdWords)",
      "category": "Advertising",
      "subcategories": ["PPC", "Conversion Tracking"],
      "matchers": [
        {"type": "script_src_regex", "pattern": "googleadservices\\.com|google\\.com/ads|googleads\\.g\\.doubleclick\\.net"},
        {"type": "global_js_regex", "pattern": "google_conversion"}
      ],
      "weight": 0.95
    },
    {
      "name": "Google AdSense",
      "category": "Advertising",
      "subcategories": ["Display Ads"],
      "matchers": [
          {"type": "script_src_regex", "pattern": "pagead2\\.googlesyndication\\.com/pagead/js/adsbygoogle\\.js\\?"},
        {"type": "html_regex", "pattern": "data-ad-client|ca-pub-"},
        {"type": "html_regex", "pattern": "class.*adsbygoogle|adsbygoogle.*class"},
        {"type": "global_js_regex", "pattern": "adsbygoogle"}
      ],
      "weight": 0.95
    },
    {
      "name": "DoubleClick",
      "category": "Advertising",
      "subcategories": ["Ad Server"],
      "matchers": [
        {"type": "script_src_regex", "pattern": "doubleclick\\.net"},
        {"type": "html_regex", "pattern": "doubleclick"}
      ],
      "weight": 0.9
    },
    {
      "name": "Floodlight",
      "category": "Advertising",
      "subcategories": ["Conversion Tracking"],
      "description": "Google DoubleClick conversion tracking and reporting",
      "matchers": [
        {"type": "script_src_regex", "pattern": "fls\\.doubleclick\\.net|ad\\.doubleclick\\.net.*activity"},
        {"type": "html_regex", "pattern": "google_trackConversion|floodlightCall"},
        {"type": "cookie_regex", "pattern": "test_cookie|IDE"}
      ],
      "weight": 0.85
    },
    {
      "name": "Facebook Pixel",
      "category": "Advertising",
      "subcategories": ["Conversion Tracking"],
      "description": "Facebook conversion tracking system for ads",
      "matchers": [
        {"type": "script_src_regex", "pattern": "connect\\.facebook\\.net/.*(fbevents\\.js|signals/config|tr|privacy_sandbox)"},
        {"type": "html_regex", "pattern": "fbq\\('init'|fbq\\('track'|_fbq"},
        {"type": "global_js_regex", "pattern": "fbq\\(|_fbq"}
      ],
      "weight": 0.95
    },
    {
      "name": "Facebook SDK",
      "category": "Advertising",
      "subcategories": ["Social Integration"],
      "matchers": [
        {"type": "script_src_regex", "pattern": "connect\\.facebook\\.net/.*sdk"},
        {"type": "global_js_regex", "pattern": "FB\\.init"}
      ],
      "weight": 0.9
    },
    {
      "name": "LinkedIn Insight Tag",
      "category": "Advertising",
      "subcategories": ["Conversion Tracking"],
      "description": "LinkedIn advertising conversion tracking and audience insights",
      "matchers": [
        {"type": "script_src_regex", "pattern": "snap\\.licdn\\.com|px\\.ads\\.linkedin\\.com"},
        {"type": "html_regex", "pattern": "_linkedin_partner_id|_linkedin_data_partner_ids"},
        {"type": "global_js_regex", "pattern": "_linkedin_partner_id|_linkedin_data_partner_ids"}
      ],
      "weight": 0.9
    },
    {
      "name": "Twitter Ads",
      "category": "Advertising",
      "subcategories": ["Conversion Tracking"],
      "matchers": [
        {"type": "script_src_regex", "pattern": "static\\.ads-twitter\\.com"},
        {"type": "global_js_regex", "pattern": "twq\\("}
      ],
      "weight": 0.9
    },
    {
      "name": "Reddit Ads",
      "category": "Advertising",
      "subcategories": ["Conversion Tracking"],
      "description": "Reddit advertising conversion tracking pixel",
      "matchers": [
        {"type": "script_src_regex", "pattern": "redditstatic\\.com.*ads/pixel|alb\\.reddit\\.com"},
        {"type": "html_regex", "pattern": "rdt\\('track'|rdt\\('init'|reddit_pixel"},
        {"type": "global_js_regex", "pattern": "rdt\\(|reddit_pixel"}
      ],
      "weight": 0.85
    },
    {
      "name": "TikTok Pixel",
      "category": "Advertising",
      "subcategories": ["Conversion Tracking"],
      "description": "TikTok advertising conversion tracking pixel",
      "matchers": [
        {"type": "script_src_regex", "pattern": "analytics\\.tiktok\\.com/i18n/pixel/events\\.js"},
        {"type": "html_regex", "pattern": "ttq\\('init'|ttq\\('track'"},
        {"type": "global_js_regex", "pattern": "ttq\\('init'|ttq\\('track'"}
      ],
      "weight": 0.9
    },
    {
      "name": "Snap Chat",
      "category": "Advertising",
      "subcategories": ["Conversion Tracking"],
      "description": "Snapchat advertising conversion tracking pixel",
      "matchers": [
        {"type": "script_src_regex", "pattern": "sc-static\\.net|tr\\.snapchat\\.com"},
        {"type": "html_regex", "pattern": "snaptr\\('track'|snaptr\\('init'"},
        {"type": "global_js_regex", "pattern": "snaptr\\("}
      ],
      "weight": 0.85
    },
    {
      "name": "Pinterest Tag",
      "category": "Advertising",
      "subcategories": ["Conversion Tracking"],
      "description": "Pinterest conversion tracking tag",
      "matchers": [
        {"type": "script_src_regex", "pattern": "s\\.pinimg\\.com/ct/|pintrk\\.com|pinterest\\.com/ct"},
        {"type": "html_regex", "pattern": "pintrk\\('track'|pintrk\\('load'"},
        {"type": "global_js_regex", "pattern": "pintrk\\(|_pinterest_ct"}
      ],
      "weight": 0.85
    },
    {
      "name": "Bing Ads",
      "category": "Advertising",
      "subcategories": ["PPC", "Conversion Tracking"],
      "matchers": [
        {"type": "script_src_regex", "pattern": "bat\\.bing\\.com"},
        {"type": "global_js_regex", "pattern": "uetq"}
      ],
      "weight": 0.9
    },
    {
      "name": "Taboola",
      "category": "Advertising",
      "subcategories": ["Native Advertising"],
      "matchers": [
        {"type": "script_src_regex", "pattern": "cdn\\.taboola\\.com"},
        {"type": "global_js_regex", "pattern": "_taboola"}
      ],
      "weight": 0.85
    },
    {
      "name": "Outbrain",
      "category": "Advertising",
      "subcategories": ["Native Advertising"],
      "matchers": [
        {"type": "script_src_regex", "pattern": "outbrain\\.com"},
        {"type": "global_js_regex", "pattern": "outbrain"}
      ],
      "weight": 0.85
    },
    {
      "name": "Media.net",
      "category": "Advertising",
      "subcategories": ["Contextual Ads"],
      "matchers": [
        {"type": "script_src_regex", "pattern": "media\\.net"}
      ],
      "weight": 0.8
    },
    {
      "name": "Criteo",
      "category": "Advertising",
      "subcategories": ["Retargeting"],
      "matchers": [
        {"type": "script_src_regex", "pattern": "static\\.criteo\\.net"},
        {"type": "global_js_regex", "pattern": "criteo"}
      ],
      "weight": 0.85
    },
    {
      "name": "The Trade Desk",
      "category": "Advertising",
      "subcategories": ["Demand-side Platform"],
      "matchers": [
        {"type": "script_src_regex", "pattern": "adsrvr\\.org"},
        {"type": "global_js_regex", "pattern": "ttd"}
      ],
      "weight": 0.85
    },
    {
      "name": "The Trade Desk Universal Pixel",
      "category": "Advertising",
      "subcategories": ["Conversion Tracking"],
      "description": "The Trade Desk Universal Pixel for conversion tracking",
      "matchers": [
        {"type": "script_src_regex", "pattern": "js\\.adsrvr\\.org"},
        {"type": "html_regex", "pattern": "ttd_dom_ready|TTDUniversalPixelApi"}
      ],
      "weight": 0.85
    },
    {
      "name": "Adobe Audience Manager",
      "category": "Advertising",
      "subcategories": ["Audience Targeting", "DMP", "Data Management Platform"],
      "aliases": ["DemDex"],
      "description": "Adobe's data management platform for audience segmentation",
      "matchers": [
        {"type": "script_src_regex", "pattern": "demdex\\.net|dpm\\.demdex\\.net"},
        {"type": "html_regex", "pattern": "demdex|audienceManager"},
        {"type": "global_js_regex", "pattern": "Demdex|audienceManager"},
        {"type": "cookie_regex", "pattern": "demdex"}
      ],
      "weight": 0.95
    },
    {
      "name": "LiveRamp",
      "category": "Advertising",
      "subcategories": ["Data Connectivity", "Identity Resolution"],
      "description": "LiveRamp provides data connectivity and identity resolution for marketing",
      "matchers": [
        {"type": "script_src_regex", "pattern": "liveramp\\.com|rlcdn\\.com"},
        {"type": "html_regex", "pattern": "LiveRamp|rlcdn"},
        {"type": "global_js_regex", "pattern": "LiveRamp|rlcdn"}
      ],
      "weight": 0.95
    },

    {
      "name": "HubSpot",
      "category": "Marketing Automation",
      "subcategories": ["CRM", "Inbound Marketing"],
      "matchers": [
        {"type": "script_src_regex", "pattern": "hs-scripts\\.com|hubspot\\.com|hsforms\\.net"},
        {"type": "global_js_regex", "pattern": "_hsq|HubSpotConversations"}
      ],
      "weight": 0.95
    },
    {
      "name": "Marketo",
      "category": "Marketing Automation",
      "subcategories": ["Lead Management", "Enterprise"],
      "matchers": [
        {"type": "script_src_regex", "pattern": "munchkin\\.marketo\\.net"},
        {"type": "global_js_regex", "pattern": "Munchkin"}
      ],
      "weight": 0.9
    },
    {
      "name": "Pardot",
      "category": "Marketing Automation",
      "subcategories": ["B2B Marketing", "Salesforce"],
      "matchers": [
        {"type": "script_src_regex", "pattern": "pi\\.pardot\\.com"},
        {"type": "html_regex", "pattern": "pardot"}
      ],
      "weight": 0.9
    },
    {
      "name": "ActiveCampaign",
      "category": "Marketing Automation",
      "subcategories": ["Email Marketing", "CRM"],
      "matchers": [
        {"type": "script_src_regex", "pattern": "trackcmp\\.net"},
        {"type": "html_regex", "pattern": "activecampaign"}
      ],
      "weight": 0.85
    },
    {
      "name": "Eloqua",
      "category": "Marketing Automation",
      "matchers": [
        {"type": "script_src_regex", "pattern": "eloqua\\.com"},
        {"type": "html_regex", "pattern": "eloqua"}
      ],
      "weight": 0.85
    },
    {
      "name": "Drift",
      "category": "Marketing Automation",
      "subcategories": ["Live Chat"],
      "matchers": [
        {"type": "script_src_regex", "pattern": "js\\.driftt\\.com"},
        {"type": "global_js_regex", "pattern": "drift"}
      ],
      "weight": 0.9
    },
    {
      "name": "Intercom",
      "category": "Marketing Automation",
      "subcategories": ["Live Chat"],
      "matchers": [
        {"type": "script_src_regex", "pattern": "widget\\.intercom\\.io"},
        {"type": "global_js_regex", "pattern": "Intercom"}
      ],
      "weight": 0.95
    },
    {
      "name": "Rapleaf",
      "category": "Marketing Automation",
      "subcategories": ["Data Enrichment"],
      "description": "Marketing automation and data enrichment (now TowerData)",
      "matchers": [
        {"type": "script_src_regex", "pattern": "rapleaf\\.com"},
        {"type": "global_js_regex", "pattern": "rapleaf"}
      ],
      "weight": 0.8
    },
    {
      "name": "TowerData",
      "category": "Marketing Automation",
      "subcategories": ["Data Enrichment"],
      "description": "Email intelligence and data enrichment (formerly Rapleaf)",
      "matchers": [
        {"type": "script_src_regex", "pattern": "towerdata\\.com"},
        {"type": "global_js_regex", "pattern": "towerdata"}
      ],
      "weight": 0.8
    },
    {
      "name": "LiveChat",
      "category": "Marketing Automation",
      "subcategories": ["Live Chat"],
      "matchers": [
        {"type": "script_src_regex", "pattern": "cdn\\.livechatinc\\.com"},
        {"type": "global_js_regex", "pattern": "LiveChatWidget"}
      ],
      "weight": 0.9
    },
    {
      "name": "Tawk.to",
      "category": "Marketing Automation",
      "subcategories": ["Live Chat"],
      "matchers": [
        {"type": "script_src_regex", "pattern": "embed\\.tawk\\.to"},
        {"type": "global_js_regex", "pattern": "Tawk_API"}
      ],
      "weight": 0.9
    },
    {
      "name": "Crisp",
      "category": "Marketing Automation",
      "subcategories": ["Live Chat"],
      "description": "Official Crisp live chat embed uses <script src='https://client.crisp.chat/...'></script> and exposes global JS object $crisp. Patterns validated against official documentation.",
      "matchers": [
        {"type": "script_src_regex", "pattern": "client\\.crisp\\.chat"},
        {"type": "global_js_regex", "pattern": "\\$crisp"}
      ],
      "weight": 0.85
    },
    {
      "name": "Salesforce",
      "category": "Marketing Automation",
      "subcategories": ["CRM"],
      "matchers": [
        {"type": "script_src_regex", "pattern": "salesforce\\.com|force\\.com"},
        {"type": "global_js_regex", "pattern": "sforce"}
      ],
      "weight": 0.9
    },


    {
      "name": "Optimizely",
      "category": "A/B Testing",
      "matchers": [
        {"type": "script_src_regex", "pattern": "cdn\\.optimizely\\.com"},
        {"type": "global_js_regex", "pattern": "optimizely"}
      ],
      "weight": 0.95
    },
    {
      "name": "Google Optimize",
      "category": "A/B Testing",
      "matchers": [
        {"type": "script_src_regex", "pattern": "optimize\\.google\\.com"},
        {"type": "global_js_regex", "pattern": "gtag.*optimize"}
      ],
      "weight": 0.9
    },
    {
      "name": "VWO (Visual Website Optimizer)",
      "category": "A/B Testing",
      "matchers": [
        {"type": "script_src_regex", "pattern": "dev\\.visualwebsiteoptimizer\\.com"},
        {"type": "global_js_regex", "pattern": "_vwo_"}
      ],
      "weight": 0.9
    },
    {
      "name": "AB Tasty",
      "category": "A/B Testing",
      "matchers": [
        {"type": "script_src_regex", "pattern": "abtasty\\.com"},
        {"type": "global_js_regex", "pattern": "ABTasty"}
      ],
      "weight": 0.85
    },
    {
      "name": "Adobe Target",
      "category": "A/B Testing",
      "subcategories": ["Personalization", "Testing"],
      "description": "Adobe's personalization and A/B testing platform",
      "matchers": [
        {"type": "script_src_regex", "pattern": "tt\\.omtrdc\\.net|at\\.js"},
        {"type": "html_regex", "pattern": "adobe\\.target|mboxCreate"},
        {"type": "global_js_regex", "pattern": "adobe\\.target|mboxCreate"}
      ],
      "weight": 0.95
    },
    {
      "name": "Adobe Experience Platform",
      "category": "Analytics & Tracking",
      "subcategories": ["Customer Data Platform", "Real-Time CDP"],
      "description": "Adobe's unified customer data platform",
      "matchers": [
        {"type": "script_src_regex", "pattern": "assets\\.adobedtm\\.com|alloy\\.js"},
        {"type": "html_regex", "pattern": "alloy|AEP"},
        {"type": "global_js_regex", "pattern": "alloy"}
      ],
      "weight": 0.9
    },
    {
      "name": "Adobe Campaign",
      "category": "Marketing Automation",
      "subcategories": ["Email Marketing", "Cross-Channel Campaigns"],
      "description": "Adobe's campaign management and automation platform",
      "matchers": [
        {"type": "html_regex", "pattern": "adobe\\.campaign|Adobe Campaign|neolane"},
        {"type": "global_js_regex", "pattern": "adobe\\.campaign"}
      ],
      "weight": 0.85
    },
    {
      "name": "Adobe Advertising Cloud",
      "category": "Advertising",
      "subcategories": ["DSP", "Search", "Programmatic"],
      "description": "Adobe's advertising management platform for DSP, search, and social",
      "matchers": [
        {"type": "html_regex", "pattern": "Adobe Advertising Cloud|adobeAdvertising|everesttag"},
        {"type": "global_js_regex", "pattern": "adobeAdvertising|EF"}
      ],
      "weight": 0.9
    },
    {
      "name": "Adobe Experience Cloud ID Service",
      "category": "Analytics & Tracking",
      "subcategories": ["Identity Management"],
      "aliases": ["ECID", "Adobe Visitor ID"],
      "description": "Adobe's visitor identification service for Experience Cloud",
      "matchers": [
        {"type": "script_src_regex", "pattern": "visitorapi\\.js|VisitorAPI\\.js"},
        {"type": "html_regex", "pattern": "Visitor\\.getInstance"},
        {"type": "global_js_regex", "pattern": "Visitor\\.getInstance"}
      ],
      "weight": 0.95
    },
    {
      "name": "Split.io",
      "category": "A/B Testing",
      "subcategories": ["Feature Flags"],
      "matchers": [
        {"type": "script_src_regex", "pattern": "cdn\\.split\\.io"},
        {"type": "global_js_regex", "pattern": "splitio"}
      ],
      "weight": 0.85
    },
    {
      "name": "LaunchDarkly",
      "category": "A/B Testing",
      "subcategories": ["Feature Flags"],
      "matchers": [
        {"type": "script_src_regex", "pattern": "app\\.launchdarkly\\.com"},
        {"type": "global_js_regex", "pattern": "LDClient"}
      ],
      "weight": 0.85
    },


    {
      "name": "reCAPTCHA",
      "category": "Security",
      "matchers": [
        {
          "type": "script_src_regex",
          "pattern": "www\\.google\\.com/recaptcha/"
        },
        {
          "type": "global_js_regex",
          "pattern": "grecaptcha"
        },
        {
          "type": "html_regex",
          "pattern": "class=[\"'][^\"']*g-recaptcha[^\"']*[\"']"
        }
      ],
      "weight": 0.95
    },
    {
      "name": "hCaptcha",
      "category": "Security",
      "matchers": [
        {"type": "script_src_regex", "pattern": "hcaptcha\\.com"},
        {"type": "html_regex", "pattern": "h-captcha"},
        {"type": "global_js_regex", "pattern": "hcaptcha"}
      ],
      "weight": 0.9
    },
    {
      "name": "Cloudflare Turnstile",
      "category": "Security",
      "matchers": [
        {"type": "script_src_regex", "pattern": "challenges\\.cloudflare\\.com"},
        {"type": "html_regex", "pattern": "cf-turnstile"}
      ],
      "weight": 0.9
    },
    {
      "name": "OneTrust",
      "category": "Security",
      "subcategories": ["Privacy Compliance", "Cookie Consent"],
      "matchers": [
        {
          "type": "script_src_regex",
          "pattern": "onetrust|cookielaw\\.org"
        },
        {
          "type": "global_js_regex",
          "pattern": "OneTrust"
        },
        {
          "type": "html_regex",
          "pattern": "id=[\"'][^\"']*(?:onetrust[-_]banner|onetrust[-_]consent)[^\"']*[\"']"
        }
      ],
      "weight": 0.95
    },
    {
      "name": "Optanon",
      "category": "Security",
      "subcategories": ["Privacy Compliance", "Cookie Consent"],
      "description": "Cookie consent system from OneTrust (legacy brand name)",
      "matchers": [
        {
          "type": "script_src_regex",
          "pattern": "optanon|onetrust|cookielaw\\.org"
        },
        {
          "type": "global_js_regex",
          "pattern": "Optanon"
        },
        {
          "type": "html_regex",
          "pattern": "id=[\"'][^\"']*(?:onetrust[-_]banner|optanon[-_]alert[-_]box)[^\"']*[\"']"
        }
      ],
      "weight": 0.95
    },
    {
      "name": "Cookiebot",
      "category": "Security",
      "subcategories": ["Cookie Consent"],
      "matchers": [
        {"type": "script_src_regex", "pattern": "consent\\.cookiebot\\.com"},
        {"type": "global_js_regex", "pattern": "Cookiebot"}
      ],
      "weight": 0.9
    },
    {
      "name": "Osano",
      "category": "Security",
      "subcategories": ["Cookie Consent"],
      "matchers": [
        {"type": "script_src_regex", "pattern": "cmp\\.osano\\.com"},
        {"type": "global_js_regex", "pattern": "Osano"}
      ],
      "weight": 0.85
    },
    {
      "name": "TrustArc",
      "category": "Security",
      "subcategories": ["Privacy Compliance"],
      "matchers": [
        {"type": "script_src_regex", "pattern": "consent\\.trustarc\\.com"},
        {"type": "html_regex", "pattern": "trustarc"}
      ],
      "weight": 0.85
    },
    {
      "name": "Cloudflare Bot Manager",
      "category": "Security",
      "subcategories": ["Bot Detection"],
      "matchers": [
        {"type": "header_regex", "pattern": "cf-bot-management"},
        {"type": "html_regex", "pattern": "cf-challenge"}
      ],
      "weight": 0.85
    },
    {
      "name": "Evidon",
      "category": "Security",
      "subcategories": ["Privacy Compliance", "Ad Choices"],
      "description": "Privacy and ad choices compliance platform (Ghostery)",
      "matchers": [
        {
          "type": "script_src_regex",
          "pattern": "evidon\\.com|crownpeak\\.com"
        },
        {
          "type": "global_js_regex",
          "pattern": "evidon"
        },
        {
          "type": "html_regex",
          "pattern": "id=[\"'][^\"']*(?:evidon[-_]banner|evidon[-_]consent)[^\"']*[\"']"
        }
      ],
      "weight": 0.85
    },
    {
      "name": "Incapsula (Imperva)",
      "category": "Security",
      "subcategories": ["WAF"],
      "matchers": [
        {"type": "header_regex", "pattern": "X-CDN.*Incapsula|X-Iinfo"},
        {"type": "cookie_regex", "pattern": "incap_ses|visid_incap"}
      ],
      "weight": 0.9
    },
    {
      "name": "Sucuri",
      "category": "Security",
      "subcategories": ["WAF"],
      "matchers": [
        {"type": "header_regex", "pattern": "X-Sucuri"},
        {"type": "html_regex", "pattern": "sucuri"}
      ],
      "weight": 0.85
    },

    {
      "name": "YouTube",
      "category": "Video",
      "matchers": [
        {"type": "html_regex", "pattern": "youtube\\.com/embed|youtu\\.be"},
        {"type": "script_src_regex", "pattern": "youtube\\.com"}
      ],
      "weight": 0.95
    },
    {
      "name": "Vimeo",
      "category": "Video",
      "matchers": [
        {"type": "html_regex", "pattern": "player\\.vimeo\\.com|vimeo\\.com/video"},
        {"type": "script_src_regex", "pattern": "player\\.vimeo\\.com"}
      ],
      "weight": 0.95
    },
    {
      "name": "Wistia",
      "category": "Video",
      "matchers": [
        {"type": "script_src_regex", "pattern": "fast\\.wistia\\.com"},
        {"type": "global_js_regex", "pattern": "_wq|Wistia"}
      ],
      "weight": 0.9
    },
    {
      "name": "Brightcove",
      "category": "Video",
      "matchers": [
        {"type": "script_src_regex", "pattern": "brightcove\\.com|players\\.brightcove\\.net"},
        {"type": "html_regex", "pattern": "players\\.brightcove\\.net|metrics\\.brightcove\\.com"},
        {"type": "global_js_regex", "pattern": "brightcove|videojs"}
      ],
      "weight": 0.9
    },
    {
      "name": "JW Player",
      "category": "Video",
      "matchers": [
        {"type": "script_src_regex", "pattern": "jwplatform\\.com|jwplayer\\.com"},
        {"type": "global_js_regex", "pattern": "jwplayer"}
      ],
      "weight": 0.85
    },
    
    {
      "name": "Cloudinary",
      "category": "Video",
      "subcategories": ["Media Management"],
      "matchers": [
        {"type": "script_src_regex", "pattern": "cloudinary\\.com|res\\.cloudinary\\.com"}
      ],
      "weight": 0.9
    },
    {
      "name": "Imgix",
      "category": "Video",
      "subcategories": ["Image Optimization"],
      "matchers": [
        {"type": "script_src_regex", "pattern": "imgix\\.net|imgix\\.com"}
      ],
      "weight": 0.85
    },


    {
      "name": "Facebook Social Plugin",
      "category": "Widgets",
      "subcategories": ["Social"],
      "matchers": [
        {"type": "script_src_regex", "pattern": "connect\\.facebook\\.net.*sdk"},
        {"type": "html_regex", "pattern": "fb-like|fb-share"},
        {"type": "global_js_regex", "pattern": "FB\\.init"}
      ],
      "weight": 0.9
    },
    {
      "name": "Facebook Comments",
      "category": "Widgets",
      "subcategories": ["Social"],
      "description": "Facebook commenting widget for websites",
      "matchers": [
        {"type": "script_src_regex", "pattern": "connect\\.facebook\\.net"},
        {"type": "html_regex", "pattern": "fb-comments|fb_xfbml"}
      ],
      "weight": 0.85
    },
    {
      "name": "Twitter Widget",
      "category": "Widgets",
      "subcategories": ["Social"],
      "matchers": [
        {"type": "script_src_regex", "pattern": "platform\\.twitter\\.com/widgets"},
        {"type": "html_regex", "pattern": "twitter-timeline|twitter-share"}
      ],
      "weight": 0.9
    },
    {
      "name": "LinkedIn Follow",
      "category": "Widgets",
      "subcategories": ["Social"],
      "matchers": [
        {"type": "script_src_regex", "pattern": "platform\\.linkedin\\.com"},
        {"type": "html_regex", "pattern": "linkedin.*follow"}
      ],
      "weight": 0.85
    },
    {
      "name": "Instagram Embed",
      "category": "Widgets",
      "subcategories": ["Social"],
      "matchers": [
        {"type": "script_src_regex", "pattern": "instagram\\.com/embed"},
        {"type": "html_regex", "pattern": "instagram-media"}
      ],
      "weight": 0.9
    },
    {
      "name": "AddThis",
      "category": "Widgets",
      "subcategories": ["Social Sharing"],
      "matchers": [
        {"type": "script_src_regex", "pattern": "addthis\\.com"},
        {"type": "global_js_regex", "pattern": "addthis"}
      ],
      "weight": 0.85
    },
    {
      "name": "ShareThis",
      "category": "Widgets",
      "subcategories": ["Social Sharing"],
      "matchers": [
        {"type": "script_src_regex", "pattern": "sharethis\\.com"},
        {"type": "global_js_regex", "pattern": "sharethis"}
      ],
      "weight": 0.85
    },
    {
      "name": "Disqus",
      "category": "Widgets",
      "subcategories": ["Comments"],
      "matchers": [
        {"type": "script_src_regex", "pattern": "disqus\\.com"},
        {"type": "html_regex", "pattern": "disqus_thread"},
        {"type": "global_js_regex", "pattern": "DISQUS"}
      ],
      "weight": 0.9
    },
    {
      "name": "Google Fonts",
      "category": "Widgets",
      "subcategories": ["Fonts"],
      "matchers": [
        {"type": "link_regex", "pattern": "fonts\\.googleapis\\.com"},
        {"type": "script_src_regex", "pattern": "fonts\\.googleapis\\.com"}
      ],
      "weight": 0.9
    },
    {
      "name": "Font Awesome",
      "category": "Widgets",
      "subcategories": ["Icons"],
      "matchers": [
        {"type": "link_regex", "pattern": "fontawesome|font-awesome"},
        {"type": "html_regex", "pattern": "fa-|fas |far |fab "}
      ],
      "weight": 0.9
    },
    {
      "name": "Ionicons",
      "category": "Widgets",
      "subcategories": ["Icons"],
      "matchers": [
        {"type": "script_src_regex", "pattern": "ionicons(\\.min)?\\.(js|css)|unpkg\\.com/ionicons"},
        {"type": "html_regex", "pattern": "<ion-icon[\\s>]"}
      ],
      "weight": 0.8
    },
    {
      "name": "Vev",
      "category": "Widgets",
      "subcategories": ["Interactive Content"],
      "matchers": [
        {"type": "script_src_regex", "pattern": "(embed\\.vev\\.page|cdn\\.vev\\.design)"},
        {"type": "html_regex", "pattern": "<iframe[^>]*src=\\\"https://embed\\.vev\\.page|vev-"}
      ],
      "weight": 0.9
    },
    {
      "name": "Flourish",
      "category": "Widgets",
      "subcategories": ["Charting", "Data Visualization"],
      "description": "Interactive data visualization and charting tool",
      "matchers": [
        {"type": "script_src_regex", "pattern": "flourish\\.studio|public\\.flourish\\.studio"},
        {"type": "html_regex", "pattern": "flourish-embed|flourish-live"}
      ],
      "weight": 0.85
    },

    {
      "name": "SSL by Default",
      "category": "SSL Certificates",
      "matchers": [
        {"type": "protocol_check", "pattern": "https_redirect"}
      ],
      "weight": 0.85
    },
    {
      "name": "HSTS",
      "category": "SSL Certificates",
      "matchers": [
        {"type": "header_regex", "pattern": "Strict-Transport-Security"}
      ],
      "weight": 0.9
    },
    {
      "name": "DigiCert",
      "category": "SSL Certificates",
      "matchers": [
        {"type": "ssl_issuer_regex", "pattern": "DigiCert"}
      ],
      "weight": 0.9
    },
    {
      "name": "Cloudflare SSL",
      "category": "SSL Certificates",
      "matchers": [
        {"type": "ssl_issuer_regex", "pattern": "Cloudflare"}
      ],
      "weight": 0.9
    },


    {
      "name": "Schema.org",
      "category": "Structured Data",
      "matchers": [
        {"type": "html_regex", "pattern": "itemscope|itemtype=['\"]https?://schema\\.org/|itemprop="},
        {"type": "html_regex", "pattern": "<script[^>]*type=['\"]application/ld\\+json['\"][^>]*>.*@context\\s*:\\s*['\"]https://schema\\.org['\"]"}
      ],
      "weight": 0.85
    },
    {
      "name": "Open Graph Protocol",
      "category": "Structured Data",
      "matchers": [
        {"type": "meta_regex", "pattern": "property=['\"]og:[^'\"]+['\"]|name=['\"]og:[^'\"]+['\"]"}
      ],
      "weight": 0.9
    },
    {
      "name": "Twitter Cards",
      "category": "Structured Data",
      "matchers": [
        {"type": "meta_regex", "pattern": "<meta[^>]+(name|property)=['\"]twitter:[^'\"]+['\"][^>]+content=['\"][^'\"]+['\"]"}
      ],
      "weight": 0.85
    },
    {
      "name": "JSON-LD",
      "category": "Structured Data",
      "matchers": [
        {"type": "html_regex", "pattern": "<script[^>]+type=['\"]application/ld\\+json['\"][^>]*>.*(@context|@type)"}
      ],
      "weight": 0.85
    },
    {
      "name": "AMP (Accelerated Mobile Pages)",
      "category": "Mobile",
      "matchers": [
        {"type": "html_regex", "pattern": "<html[\\s][^>]*(amp|⚡)"},
        {"type": "script_src_regex", "pattern": "cdn\\.ampproject\\.org/v0\\.js"}
      ],
      "weight": 0.95
    },
    {
      "name": "PWA (Progressive Web App)",
      "category": "Mobile",
      "matchers": [
        {"type": "link_regex", "pattern": "rel=['\"]manifest['\"][^>]*href=['\"][^'\"]*manifest\\.json['\"]"},
        {"type": "script_src_regex", "pattern": "service-worker|sw\\.js"}
      ],
      "weight": 0.85
    },
    {
      "name": "Viewport Meta",
      "category": "Mobile",
      "matchers": [
        {"type": "meta_regex", "pattern": "<meta[^>]+name=['\"]viewport['\"][^>]+content=['\"][^'\"]*width=device-width[^'\"]*['\"]"}
      ],
      "weight": 0.85
    },
    {
      "name": "IPv6",
      "category": "Infrastructure",
      "matchers": [
        {"type": "dns_check", "pattern": "AAAA"}
      ],
      "weight": 0.8
    },
    {
      "name": "HTTP/2",
      "category": "Infrastructure",
      "matchers": [
        {"type": "protocol_check", "pattern": "h2"}
      ],
      "weight": 0.85
    },
    {
      "name": "HTTP/3",
      "category": "Infrastructure",
      "matchers": [
        {"type": "protocol_check", "pattern": "h3"},
        {"type": "header_regex", "pattern": "alt-svc.*h3"}
      ],
      "weight": 0.85
    },
    {
      "name": "Conversant",
      "category": "Advertising",
      "description": "Conversant (formerly ValueClick) is a digital marketing company offering personalized advertising solutions",
      "matchers": [
        {"type": "script_src_regex", "pattern": "dotomi\\.com|conversantmedia\\.com"},
        {"type": "html_regex", "pattern": "login.*\\.dotomi\\.com|.*\\.dotomi\\.com"},
        {"type": "cookie_regex", "pattern": "dtm_"}
      ],
      "weight": 0.9
    },
    {
      "name": "Integral Ad Science",
      "category": "Advertising",
      "description": "Integral Ad Science provides digital ad verification and analytics",
      "matchers": [
        {"type": "script_src_regex", "pattern": "adsafeprotected\\.com"},
        {"type": "link_regex", "pattern": "pixel\\.adsafeprotected\\.com"}
      ],
      "weight": 0.9
    },
    {
      "name": "Nexxen",
      "category": "Advertising",
      "description": "Nexxen (formerly RhythmOne) is a programmatic advertising platform",
      "matchers": [
        {"type": "script_src_regex", "pattern": "rhythmone\\.com|1rx\\.io|nexxen\\.com"},
        {"type": "html_regex", "pattern": "RhythmOne|Nexxen|1rx\\.io"},
        {"type": "global_js_regex", "pattern": "RhythmOne|Nexxen"}
      ],
      "weight": 0.9
    },
    {
      "name": "PubMatic",
      "category": "Advertising",
      "description": "PubMatic is a digital advertising technology company providing programmatic solutions",
      "matchers": [
        {"type": "script_src_regex", "pattern": "pubmatic\\.com"},
        {"type": "html_regex", "pattern": "simage2\\.pubmatic\\.com|.*\\.pubmatic\\.com"},
        {"type": "link_regex", "pattern": "simage2\\.pubmatic\\.com/AdServer/Pug"}
      ],
      "weight": 0.9
    },
    {
      "name": "Unruly",
      "category": "Advertising",
      "description": "Unruly is a video advertising platform owned by Tremor International",
      "matchers": [
        {"type": "script_src_regex", "pattern": "unruly\\.co|unrulymedia\\.com"},
        {"type": "html_regex", "pattern": "Unruly|unrulymedia"},
        {"type": "global_js_regex", "pattern": "Unruly|unruly"}
      ],
      "weight": 0.9
    },
    {
      "name": "DeepIntent",
      "category": "Advertising",
      "description": "DeepIntent is a healthcare-focused demand-side platform for programmatic advertising",
      "matchers": [
        {"type": "script_src_regex", "pattern": "deepintent\\.com"},
        {"type": "html_regex", "pattern": "beacon\\.deepintent\\.com|.*\\.deepintent\\.com"}
      ],
      "weight": 0.9
    },
    {
      "name": "Google Authorized Buyers",
      "category": "Advertising", 
      "subcategories": ["Programmatic"],
      "description": "Google's programmatic advertising platform for cookie matching",
      "matchers": [
        {"type": "html_regex", "pattern": "cm\\.g\\.doubleclick\\.net"},
        {"type": "script_src_regex", "pattern": "cm\\.g\\.doubleclick\\.net"}
      ],
      "weight": 0.8
    },
    {
      "name": "Lotame",
      "category": "Advertising",
      "subcategories": ["Data Management Platform"],
      "description": "Lotame provides data management and audience solutions",
      "matchers": [
        {"type": "script_src_regex", "pattern": "lotame\\.com|crwdcntrl\\.net"},
        {"type": "html_regex", "pattern": "sync\\.crwdcntrl\\.net|.*\\.lotame\\.com"}
      ],
      "weight": 0.85
    },
    {
      "name": "Magnite",
      "category": "Advertising",
      "subcategories": ["Supply Side Platform"],
      "aliases": ["Rubicon Project"],
      "description": "Magnite (formerly Rubicon Project) is a supply-side platform for publishers",
      "matchers": [
        {"type": "script_src_regex", "pattern": "rubiconproject\\.com|magnite\\.com"},
        {"type": "html_regex", "pattern": "pixel\\.rubiconproject\\.com|.*\\.magnite\\.com"}
      ],
      "weight": 0.85
    },
    {
      "name": "OpenX",
      "category": "Advertising",
      "subcategories": ["Supply Side Platform"],
      "description": "OpenX provides programmatic advertising technology",
      "matchers": [
        {"type": "script_src_regex", "pattern": "openx\\.net|openx\\.com"},
        {"type": "html_regex", "pattern": ".*\\.openx\\.net|.*\\.openx\\.com"}
      ],
      "weight": 0.85
    },
    {
      "name": "TripleLift",
      "category": "Advertising", 
      "subcategories": ["Native Advertising"],
      "description": "TripleLift provides native advertising technology",
      "matchers": [
        {"type": "script_src_regex", "pattern": "3lift\\.com"},
        {"type": "html_regex", "pattern": ".*\\.3lift\\.com"}
      ],
      "weight": 0.85
    },
    {
      "name": "Xandr",
      "category": "Advertising",
      "subcategories": ["Demand Side Platform"],
      "aliases": ["AppNexus"],
      "description": "Xandr (formerly AppNexus) provides programmatic advertising solutions",
      "matchers": [
        {"type": "script_src_regex", "pattern": "adnxs\\.com|xandr\\.com"},
        {"type": "html_regex", "pattern": ".*\\.adnxs\\.com|.*\\.xandr\\.com"}
      ],
      "weight": 0.85
    },
    {
      "name": "Yahoo Dot Tags",
      "category": "Advertising",
      "description": "Yahoo Dot Tags is Yahoo's advertising pixel and conversion tracking solution",
      "matchers": [
        {"type": "script_src_regex", "pattern": "(sp|cms|ups)\\.analytics\\.yahoo\\.com|s\\.yimg\\.com.*ywa\\.js"},
        {"type": "html_regex", "pattern": "(cms|ups)\\.analytics\\.yahoo\\.com"},
        {"type": "global_js_regex", "pattern": "YAHOO\\.ywa|ywa_track"}
      ],
      "weight": 0.9
    },
    {
      "name": "AdsWizz",
      "category": "Advertising",
      "subcategories": ["Audio Advertising"],
      "description": "AdsWizz provides programmatic audio advertising solutions",
      "matchers": [
        {"type": "html_regex", "pattern": "adswizz\\.com|deliveryengine\\.adswizz\\.com"},
        {"type": "script_src_regex", "pattern": "adswizz\\.com"}
      ],
      "weight": 0.9
    },
    {
      "name": "Beachfront",
      "category": "Advertising",
      "subcategories": ["Video Advertising", "CTV"],
      "description": "Beachfront provides connected TV and video advertising solutions",
      "matchers": [
        {"type": "html_regex", "pattern": "bfmio\\.com|beachfront"},
        {"type": "script_src_regex", "pattern": "bfmio\\.com"}
      ],
      "weight": 0.9
    },
    {
      "name": "Index Exchange",
      "category": "Advertising", 
      "subcategories": ["Supply Side Platform"],
      "description": "Index Exchange is a programmatic advertising marketplace",
      "matchers": [
        {"type": "html_regex", "pattern": "casalemedia\\.com"},
        {"type": "script_src_regex", "pattern": "casalemedia\\.com"}
      ],
      "weight": 0.9
    },
    {
      "name": "LoopMe",
      "category": "Advertising",
      "subcategories": ["Mobile Advertising"],
      "description": "LoopMe provides mobile video advertising solutions",
      "matchers": [
        {"type": "html_regex", "pattern": "loopme\\.me"},
        {"type": "script_src_regex", "pattern": "loopme\\.me"}
      ],
      "weight": 0.9
    },
    {
      "name": "Mediaplex",
      "category": "Advertising",
      "subcategories": ["Attribution", "Tracking"],
      "description": "Mediaplex provides advertising attribution and tracking solutions",
      "matchers": [
        {"type": "html_regex", "pattern": "mediaplex\\.com"},
        {"type": "script_src_regex", "pattern": "mediaplex\\.com"}
      ],
      "weight": 0.9
    },
    {
      "name": "Verizon Media",
      "category": "Advertising",
      "subcategories": ["Analytics", "Tracking"],
      "description": "Verizon Media advertising and analytics platform",
      "matchers": [
        {"type": "html_regex", "pattern": "verizonmedia\\.com|analytics\\.yahoo\\.com"},
        {"type": "script_src_regex", "pattern": "verizonmedia\\.com"}
      ],
      "weight": 0.9
    }
  ]
}
