{
  "version": "2025-10-31-universal-v3",
  "description": "Universal web technology detection covering 300+ major technologies for all websites",
  "source": "BuiltWith comprehensive database + industry standards",
  "last_updated": "2025-10-31",
  "tech": [


    {
      "name": "Google Analytics",
      "category": "Analytics & Tracking",
      "subcategories": ["Web Analytics"],
      "description": "World's most popular web analytics service",
      "matchers": [
        {"type": "script_src_regex", "pattern": "google-analytics\\.com/(analytics|ga)\\.js|googletagmanager\\.com/gtag/js"},
        {"type": "html_regex", "pattern": "ga\\(|_gaq|GoogleAnalyticsObject|gtag\\("},
        {"type": "global_js_regex", "pattern": "ga\\(|_gaq\\.push|gtag|GoogleAnalyticsObject"},
        {"type": "cookie_regex", "pattern": "_ga|_gid|_gat"}
      ],
      "weight": 0.95
    },
    {
      "name": "Google Analytics 4",
      "category": "Analytics & Tracking",
      "aliases": ["GA4"],
      "matchers": [
        {"type": "script_src_regex", "pattern": "googletagmanager\\.com/gtag/js\\?id=G-"},
        {"type": "html_regex", "pattern": "gtag.*config.*G-[A-Z0-9]+"}
      ],
      "weight": 0.95
    },
    {
      "name": "Google Universal Analytics",
      "category": "Analytics & Tracking",
      "deprecated": true,
      "matchers": [
        {"type": "script_src_regex", "pattern": "google-analytics\\.com/analytics\\.js"},
        {"type": "html_regex", "pattern": "ga\\('create', 'UA-"}
      ],
      "weight": 0.9
    },
    {
      "name": "Adobe Analytics (Omniture SiteCatalyst)",
      "category": "Analytics & Tracking",
      "aliases": ["Omniture SiteCatalyst", "Adobe SiteCatalyst"],
      "matchers": [
        {"type": "script_src_regex", "pattern": "s_code\\.js|AppMeasurement\\.js|omniture\\.com|2o7\\.net|omtrdc\\.net"},
        {"type": "html_regex", "pattern": "s\\.t\\(\\)|s\\.tl\\(|s_gi\\("},
        {"type": "global_js_regex", "pattern": "s_account|s_gi|AppMeasurement"},
        {"type": "cookie_regex", "pattern": "s_cc|s_sq|s_vi"}
      ],
      "weight": 0.95
    },
    {
      "name": "Matomo (Piwik)",
      "category": "Analytics & Tracking",
      "aliases": ["Piwik"],
      "subcategories": ["Privacy-First", "Open Source"],
      "matchers": [
        {"type": "script_src_regex", "pattern": "piwik\\.js|matomo\\.js|piwik\\.php|matomo\\.php"},
        {"type": "html_regex", "pattern": "_paq|piwik|matomo"},
        {"type": "global_js_regex", "pattern": "_paq|Piwik|Matomo"}
      ],
      "weight": 0.95
    },
    {
      "name": "Mixpanel",
      "category": "Analytics & Tracking",
      "subcategories": ["Product Analytics"],
      "matchers": [
        {"type": "script_src_regex", "pattern": "cdn\\.mxpnl\\.com|mixpanel\\.com"},
        {"type": "global_js_regex", "pattern": "mixpanel\\.init|mixpanel\\.track"}
      ],
      "weight": 0.95
    },
    {
      "name": "Segment",
      "category": "Analytics & Tracking",
      "subcategories": ["Customer Data Platform"],
      "matchers": [
        {"type": "script_src_regex", "pattern": "cdn\\.segment\\.com|segment\\.io"},
        {"type": "global_js_regex", "pattern": "analytics\\.identify|analytics\\.track"}
      ],
      "weight": 0.95
    },
    {
      "name": "Amplitude",
      "category": "Analytics & Tracking",
      "matchers": [
        {"type": "script_src_regex", "pattern": "amplitude\\.com|cdn\\.amplitude\\.com"},
        {"type": "global_js_regex", "pattern": "amplitude\\.getInstance|amplitude\\.init"}
      ],
      "weight": 0.9
    },
    {
      "name": "Heap Analytics",
      "category": "Analytics & Tracking",
      "subcategories": ["Auto-capture"],
      "matchers": [
        {"type": "script_src_regex", "pattern": "heapanalytics\\.com|cdn\\.heapanalytics\\.com"},
        {"type": "global_js_regex", "pattern": "heap\\.load|heap\\.identify"}
      ],
      "weight": 0.9
    },
    {
      "name": "Plausible Analytics",
      "category": "Analytics & Tracking",
      "subcategories": ["Privacy-First"],
      "matchers": [
        {"type": "script_src_regex", "pattern": "plausible\\.io/js/(plausible|script)"}
      ],
      "weight": 0.9
    },
    {
      "name": "Fathom Analytics",
      "category": "Analytics & Tracking",
      "matchers": [
        {"type": "script_src_regex", "pattern": "cdn\\.usefathom\\.com|usefathom\\.com"},
        {"type": "global_js_regex", "pattern": "fathom"}
      ],
      "weight": 0.9
    },
    {
      "name": "Clicky",
      "category": "Analytics & Tracking",
      "matchers": [
        {"type": "script_src_regex", "pattern": "static\\.getclicky\\.com"},
        {"type": "global_js_regex", "pattern": "clicky"}
      ],
      "weight": 0.9
    },
    {
      "name": "Chartbeat",
      "category": "Analytics & Tracking",
      "subcategories": ["Real-time"],
      "matchers": [
        {"type": "script_src_regex", "pattern": "static\\.chartbeat\\.com"},
        {"type": "global_js_regex", "pattern": "_sf_async_config|chartbeat"}
      ],
      "weight": 0.9
    },
    {
      "name": "Crazy Egg",
      "category": "Analytics & Tracking",
      "subcategories": ["Heatmaps"],
      "matchers": [
        {"type": "script_src_regex", "pattern": "script\\.crazyegg\\.com"},
        {"type": "global_js_regex", "pattern": "CE2"}
      ],
      "weight": 0.9
    },
    {
      "name": "Hotjar",
      "category": "Analytics & Tracking",
      "subcategories": ["Heatmaps", "Session Recording", "Surveys"],
      "matchers": [
        {"type": "script_src_regex", "pattern": "hotjar\\.com|static\\.hotjar\\.com"},
        {"type": "global_js_regex", "pattern": "hj\\(|hjid|_hjSettings"}
      ],
      "weight": 0.95
    },
    {
      "name": "FullStory",
      "category": "Analytics & Tracking",
      "subcategories": ["Session Replay"],
      "matchers": [
        {"type": "script_src_regex", "pattern": "fullstory\\.com|edge\\.fullstory\\.com"},
        {"type": "global_js_regex", "pattern": "FS\\.identify|_fs_"}
      ],
      "weight": 0.9
    },
    {
      "name": "Lucky Orange",
      "category": "Analytics & Tracking",
      "matchers": [
        {"type": "script_src_regex", "pattern": "luckyorange\\.(com|net)"},
        {"type": "global_js_regex", "pattern": "luckyOrange|__lo_"}
      ],
      "weight": 0.9
    },
    {
      "name": "Mouseflow",
      "category": "Analytics & Tracking",
      "matchers": [
        {"type": "script_src_regex", "pattern": "mouseflow\\.com|cdn\\.mouseflow\\.com"},
        {"type": "global_js_regex", "pattern": "_mfq|mouseflow"}
      ],
      "weight": 0.9
    },
    {
      "name": "Smartlook",
      "category": "Analytics & Tracking",
      "matchers": [
        {"type": "script_src_regex", "pattern": "smartlook\\.com|rec\\.smartlook\\.com"},
        {"type": "global_js_regex", "pattern": "smartlook"}
      ],
      "weight": 0.9
    },
    {
      "name": "Contentsquare",
      "category": "Analytics & Tracking",
      "aliases": ["Content Square"],
      "matchers": [
        {"type": "script_src_regex", "pattern": "contentsquare\\.net|content-?square\\.net"},
        {"type": "global_js_regex", "pattern": "_uxa|CS_CONF"}
      ],
      "weight": 0.9
    },
    {
      "name": "Decibel Insight",
      "category": "Analytics & Tracking",
      "matchers": [
        {"type": "script_src_regex", "pattern": "decibel\\.com|decibelinsight\\.net"},
        {"type": "global_js_regex", "pattern": "decibelInsight"}
      ],
      "weight": 0.9
    },
    {
      "name": "Kissmetrics",
      "category": "Analytics & Tracking",
      "matchers": [
        {"type": "script_src_regex", "pattern": "kissmetrics\\.com|doug1izaerwt3\\.cloudfront\\.net"},
        {"type": "global_js_regex", "pattern": "_kmq|KM\\."}
      ],
      "weight": 0.9
    },
    {
      "name": "Woopra",
      "category": "Analytics & Tracking",
      "matchers": [
        {"type": "script_src_regex", "pattern": "static\\.woopra\\.com"},
        {"type": "global_js_regex", "pattern": "woopra"}
      ],
      "weight": 0.9
    },
    {
      "name": "Adobe Marketing Cloud",
      "category": "Analytics & Tracking",
      "matchers": [
        {"type": "script_src_regex", "pattern": "adobe\\.com.*marketing|demdex\\.net"},
        {"type": "global_js_regex", "pattern": "adobe_mc|Visitor\\.getInstance"}
      ],
      "weight": 0.85
    },
    {
      "name": "Adobe Launch",
      "category": "Analytics & Tracking",
      "subcategories": ["Tag Management"],
      "matchers": [
        {"type": "script_src_regex", "pattern": "assets\\.adobedtm\\.com.*launch"},
        {"type": "global_js_regex", "pattern": "_satellite"}
      ],
      "weight": 0.95
    },
    {
      "name": "Adobe Dynamic Tag Management",
      "category": "Analytics & Tracking",
      "deprecated": true,
      "matchers": [
        {"type": "script_src_regex", "pattern": "assets\\.adobedtm\\.com(?!.*launch)"}
      ],
      "weight": 0.85
    },
    {
      "name": "Google Tag Manager",
      "category": "Analytics & Tracking",
      "subcategories": ["Tag Management"],
      "matchers": [
        {"type": "script_src_regex", "pattern": "googletagmanager\\.com/gtm\\.js"},
        {"type": "html_regex", "pattern": "GTM-[A-Z0-9]{6,}"},
        {"type": "global_js_regex", "pattern": "google_tag_manager|dataLayer"}
      ],
      "weight": 0.95
    },
    {
      "name": "Tealium",
      "category": "Analytics & Tracking",
      "subcategories": ["Tag Management"],
      "matchers": [
        {"type": "script_src_regex", "pattern": "tags\\.tiqcdn\\.com"},
        {"type": "global_js_regex", "pattern": "utag|tealium"}
      ],
      "weight": 0.9
    },
    {
      "name": "Ensighten",
      "category": "Analytics & Tracking",
      "subcategories": ["Tag Management"],
      "matchers": [
        {"type": "script_src_regex", "pattern": "nexus\\.ensighten\\.com"},
        {"type": "global_js_regex", "pattern": "Ensighten"}
      ],
      "weight": 0.9
    },
    {
      "name": "Signal (BrightTag)",
      "category": "Analytics & Tracking",
      "subcategories": ["Tag Management"],
      "matchers": [
        {"type": "script_src_regex", "pattern": "s\\.btstatic\\.com|thebrighttag\\.com"}
      ],
      "weight": 0.85
    },
    {
      "name": "Cloudflare Web Analytics",
      "category": "Analytics & Tracking",
      "matchers": [
        {"type": "script_src_regex", "pattern": "static\\.cloudflareinsights\\.com.*beacon"},
        {"type": "global_js_regex", "pattern": "__cfBeacon"}
      ],
      "weight": 0.9
    },
    {
      "name": "Cloudflare Insights",
      "category": "Analytics & Tracking",
      "matchers": [
        {"type": "script_src_regex", "pattern": "cloudflareinsights\\.com"},
        {"type": "global_js_regex", "pattern": "__cfBeacon"}
      ],
      "weight": 0.9
    },
    {
      "name": "Yandex Metrica",
      "category": "Analytics & Tracking",
      "matchers": [
        {"type": "script_src_regex", "pattern": "mc\\.yandex\\.ru"},
        {"type": "global_js_regex", "pattern": "ym|yaCounter"}
      ],
      "weight": 0.9
    },
    {
      "name": "Baidu Analytics",
      "category": "Analytics & Tracking",
      "matchers": [
        {"type": "script_src_regex", "pattern": "hm\\.baidu\\.com"},
        {"type": "global_js_regex", "pattern": "_hmt"}
      ],
      "weight": 0.9
    },
    {
      "name": "Snowplow Analytics",
      "category": "Analytics & Tracking",
      "matchers": [
        {"type": "script_src_regex", "pattern": "snowplow.*\\.js|sp\\.js"},
        {"type": "global_js_regex", "pattern": "snowplow|_snaq"}
      ],
      "weight": 0.85
    },
    {
      "name": "Pendo",
      "category": "Analytics & Tracking",
      "subcategories": ["Product Analytics"],
      "matchers": [
        {"type": "script_src_regex", "pattern": "cdn\\.pendo\\.io|pendo\\.io"},
        {"type": "global_js_regex", "pattern": "pendo"}
      ],
      "weight": 0.9
    },


    {
      "name": "WordPress",
      "category": "Content Management System",
      "description": "World's most popular CMS",
      "matchers": [
        {"type": "html_regex", "pattern": "wp-content|wp-includes|/wp-json/"},
        {"type": "meta_regex", "pattern": "WordPress"},
        {"type": "cookie_regex", "pattern": "wordpress_logged_in|wp-settings"}
      ],
      "weight": 1.0
    },
    {
      "name": "Drupal",
      "category": "Content Management System",
      "matchers": [
        {"type": "html_regex", "pattern": "Drupal|/sites/(default|all)/"},
        {"type": "meta_regex", "pattern": "Drupal"},
        {"type": "header_regex", "pattern": "X-Drupal|X-Generator.*Drupal"}
      ],
      "weight": 0.95
    },
    {
      "name": "Joomla",
      "category": "Content Management System",
      "matchers": [
        {"type": "html_regex", "pattern": "/components/com_|/media/system/js/|Joomla"},
        {"type": "meta_regex", "pattern": "Joomla"},
        {"type": "header_regex", "pattern": "X-Content-Encoded-By.*Joomla"}
      ],
      "weight": 0.95
    },
    {
      "name": "Shopify",
      "category": "Content Management System",
      "subcategories": ["Ecommerce"],
      "matchers": [
        {"type": "html_regex", "pattern": "cdn\\.shopify\\.com|myshopify\\.com|Shopify\\."},
        {"type": "global_js_regex", "pattern": "Shopify|ShopifyAnalytics"},
        {"type": "header_regex", "pattern": "X-ShopId|X-Shopify"}
      ],
      "weight": 0.98
    },
    {
      "name": "Wix",
      "category": "Content Management System",
      "subcategories": ["Website Builder"],
      "matchers": [
        {"type": "html_regex", "pattern": "wix\\.com|wixstatic\\.com|X-Wix"},
        {"type": "meta_regex", "pattern": "wix\\.com"},
        {"type": "header_regex", "pattern": "X-Wix"}
      ],
      "weight": 0.98
    },
    {
      "name": "Squarespace",
      "category": "Content Management System",
      "subcategories": ["Website Builder"],
      "matchers": [
        {"type": "html_regex", "pattern": "squarespace|sqsp\\.net"},
        {"type": "meta_regex", "pattern": "Squarespace"},
        {"type": "header_regex", "pattern": "X-ServedBy.*squarespace"}
      ],
      "weight": 0.95
    },
    {
      "name": "Webflow",
      "category": "Content Management System",
      "subcategories": ["Website Builder"],
      "matchers": [
        {"type": "html_regex", "pattern": "webflow\\.com|webflow\\.io"},
        {"type": "meta_regex", "pattern": "Webflow"}
      ],
      "weight": 0.95
    },
    {
      "name": "HubSpot CMS",
      "category": "Content Management System",
      "matchers": [
        {"type": "html_regex", "pattern": "hs-scripts\\.com|hubspot\\.com|hsforms\\.net"},
        {"type": "global_js_regex", "pattern": "_hsq|HubSpotConversations"}
      ],
      "weight": 0.9
    },
    {
      "name": "Ghost",
      "category": "Content Management System",
      "subcategories": ["Blogging"],
      "matchers": [
        {"type": "html_regex", "pattern": "ghost\\.io|ghost\\.org"},
        {"type": "meta_regex", "pattern": "Ghost"}
      ],
      "weight": 0.9
    },
    {
      "name": "Blogger",
      "category": "Content Management System",
      "subcategories": ["Blogging"],
      "matchers": [
        {"type": "html_regex", "pattern": "blogger\\.com|blogspot\\.com"},
        {"type": "meta_regex", "pattern": "blogger"}
      ],
      "weight": 0.95
    },
    {
      "name": "Medium",
      "category": "Content Management System",
      "subcategories": ["Blogging"],
      "matchers": [
        {"type": "html_regex", "pattern": "medium\\.com"},
        {"type": "meta_regex", "pattern": "property=\"(article:tag|al:ios:app_name|al:android:app_name)\"\\s+content=\"Medium\""}
      ],
      "weight": 0.98
    },
    {
      "name": "Magento",
      "category": "Content Management System",
      "subcategories": ["Ecommerce"],
      "matchers": [
        {"type": "html_regex", "pattern": "Mage\\.Cookies|/skin/frontend/|/js/mage/"},
        {"type": "global_js_regex", "pattern": "Mage|Magento"},
        {"type": "cookie_regex", "pattern": "frontend|adminhtml"}
      ],
      "weight": 0.95
    },
    {
      "name": "WooCommerce",
      "category": "Content Management System",
      "subcategories": ["Ecommerce"],
      "matchers": [
        {"type": "html_regex", "pattern": "woocommerce|wc-|woocommerce-page"},
        {"type": "script_src_regex", "pattern": "woocommerce"},
        {"type": "cookie_regex", "pattern": "woocommerce"}
      ],
      "weight": 0.95
    },
    {
      "name": "PrestaShop",
      "category": "Content Management System",
      "subcategories": ["Ecommerce"],
      "matchers": [
        {"type": "html_regex", "pattern": "prestashop|/modules/|PS_VERSION"},
        {"type": "cookie_regex", "pattern": "PrestaShop"}
      ],
      "weight": 0.9
    },
    {
      "name": "OpenCart",
      "category": "Content Management System",
      "subcategories": ["Ecommerce"],
      "matchers": [
        {"type": "html_regex", "pattern": "catalog/view/theme|route=product/product"},
        {"type": "cookie_regex", "pattern": "OCSESSID"}
      ],
      "weight": 0.9
    },
    {
      "name": "BigCommerce",
      "category": "Content Management System",
      "subcategories": ["Ecommerce"],
      "matchers": [
        {"type": "html_regex", "pattern": "bigcommerce\\.com|cdn.*bigcommerce"},
        {"type": "header_regex", "pattern": "X-BC-"}
      ],
      "weight": 0.95
    },
    {
      "name": "Adobe Experience Manager (AEM)",
      "category": "Content Management System",
      "matchers": [
        {"type": "html_regex", "pattern": "/etc\\.clientlibs/|/content/dam/|aem-"},
        {"type": "header_regex", "pattern": "X-AEM"}
      ],
      "weight": 0.9
    },
    {
      "name": "Adobe Experience Manager Franklin",
      "category": "Content Management System",
      "aliases": ["AEM Franklin", "AEM Edge Delivery"],
      "matchers": [
        {"type": "script_src_regex", "pattern": "hlx\\.(page|live)"},
        {"type": "meta_regex", "pattern": "franklin|hlx"},
        {"type": "header_regex", "pattern": "x-franklin|x-edison-type.*Adobe"}
      ],
      "weight": 0.95
    },
    {
      "name": "Sitecore",
      "category": "Content Management System",
      "matchers": [
        {"type": "html_regex", "pattern": "/sitecore/|Sitecore"},
        {"type": "cookie_regex", "pattern": "SC_ANALYTICS"}
      ],
      "weight": 0.9
    },
    {
      "name": "Contentful",
      "category": "Content Management System",
      "subcategories": ["Headless CMS"],
      "matchers": [
        {"type": "html_regex", "pattern": "contentful\\.com|cdn\\.contentful\\.com"}
      ],
      "weight": 0.85
    },
    {
      "name": "Strapi",
      "category": "Content Management System",
      "subcategories": ["Headless CMS"],
      "matchers": [
        {"type": "html_regex", "pattern": "X-Powered-By.*Strapi"},
        {"type": "header_regex", "pattern": "X-Powered-By.*Strapi"}
      ],
      "weight": 0.9
    },
    {
      "name": "Sanity",
      "category": "Content Management System",
      "subcategories": ["Headless CMS"],
      "matchers": [
        {"type": "html_regex", "pattern": "sanity\\.io|cdn\\.sanity\\.io"}
      ],
      "weight": 0.85
    },
    {
      "name": "DatoCMS",
      "category": "Content Management System",
      "subcategories": ["Headless CMS"],
      "matchers": [
        {"type": "html_regex", "pattern": "datocms|www\\.datocms-assets\\.com"}
      ],
      "weight": 0.85
    },
    {
      "name": "Prismic",
      "category": "Content Management System",
      "subcategories": ["Headless CMS"],
      "matchers": [
        {"type": "html_regex", "pattern": "prismic\\.io|cdn\\.prismic\\.io"}
      ],
      "weight": 0.85
    },
    {
      "name": "Umbraco",
      "category": "Content Management System",
      "matchers": [
        {"type": "html_regex", "pattern": "Umbraco|/umbraco/"},
        {"type": "header_regex", "pattern": "X-Umbraco"}
      ],
      "weight": 0.9
    },
    {
      "name": "Craft CMS",
      "category": "Content Management System",
      "matchers": [
        {"type": "html_regex", "pattern": "Craft CMS|craftcms"},
        {"type": "cookie_regex", "pattern": "CraftSessionId"}
      ],
      "weight": 0.9
    },
    {
      "name": "TYPO3",
      "category": "Content Management System",
      "matchers": [
        {"type": "html_regex", "pattern": "typo3|TYPO3"},
        {"type": "meta_regex", "pattern": "TYPO3"}
      ],
      "weight": 0.9
    },
    {
      "name": "Concrete CMS",
      "category": "Content Management System",
      "aliases": ["Concrete5"],
      "matchers": [
        {"type": "html_regex", "pattern": "concrete5|Concrete CMS"},
        {"type": "meta_regex", "pattern": "concrete"}
      ],
      "weight": 0.85
    },
    {
      "name": "Sitefinity",
      "category": "Content Management System",
      "matchers": [
        {"type": "html_regex", "pattern": "Sitefinity|/Sitefinity/"},
        {"type": "meta_regex", "pattern": "Sitefinity"}
      ],
      "weight": 0.85
    },
    {
      "name": "Kentico",
      "category": "Content Management System",
      "matchers": [
        {"type": "html_regex", "pattern": "Kentico|CMSPages/"},
        {"type": "meta_regex", "pattern": "Kentico"}
      ],
      "weight": 0.85
    },


    {
      "name": "React",
      "category": "JavaScript Frameworks",
      "description": "Facebook's UI library",
      "matchers": [
        {"type": "html_regex", "pattern": "react|_react|__REACT|data-reactroot|data-reactid"},
        {"type": "global_js_regex", "pattern": "React|ReactDOM"},
        {"type": "script_src_regex", "pattern": "react(-dom)?\\."}
      ],
      "weight": 0.9
    },
    {
      "name": "Next.js",
      "category": "JavaScript Frameworks",
      "subcategories": ["React Framework"],
      "matchers": [
        {"type": "html_regex", "pattern": "__NEXT_DATA__|_next/static|next\\.js"},
        {"type": "global_js_regex", "pattern": "__NEXT_DATA__"},
        {"type": "header_regex", "pattern": "x-nextjs"}
      ],
      "weight": 0.95
    },
    {
      "name": "Vue.js",
      "category": "JavaScript Frameworks",
      "matchers": [
        {"type": "html_regex", "pattern": "v-cloak|v-if|v-for|data-v-"},
        {"type": "global_js_regex", "pattern": "Vue|vue"},
        {"type": "script_src_regex", "pattern": "vue(\\.min)?\\.js"}
      ],
      "weight": 0.9
    },
    {
      "name": "Nuxt.js",
      "category": "JavaScript Frameworks",
      "subcategories": ["Vue Framework"],
      "matchers": [
        {"type": "html_regex", "pattern": "__NUXT__|nuxt\\.js|_nuxt/"},
        {"type": "global_js_regex", "pattern": "__NUXT__"}
      ],
      "weight": 0.95
    },
    {
      "name": "Angular",
      "category": "JavaScript Frameworks",
      "matchers": [
        {"type": "html_regex", "pattern": "ng-app|ng-controller|ng-bind|\\[ngIf\\]|\\*ngFor"},
        {"type": "global_js_regex", "pattern": "angular|ng\\."},
        {"type": "script_src_regex", "pattern": "angular(\\.min)?\\.js"}
      ],
      "weight": 0.9
    },
    {
      "name": "Svelte",
      "category": "JavaScript Frameworks",
      "matchers": [
        {"type": "html_regex", "pattern": "class=\"svelte-[a-z0-9]+\""},
        {"type": "script_src_regex", "pattern": "svelte"}
      ],
      "weight": 0.85
    },
    {
      "name": "SvelteKit",
      "category": "JavaScript Frameworks",
      "matchers": [
        {"type": "html_regex", "pattern": "sveltekit|__sveltekit"},
        {"type": "global_js_regex", "pattern": "__sveltekit"}
      ],
      "weight": 0.9
    },
    {
      "name": "Ember.js",
      "category": "JavaScript Frameworks",
      "matchers": [
        {"type": "html_regex", "pattern": "ember|Ember"},
        {"type": "global_js_regex", "pattern": "Ember"},
        {"type": "script_src_regex", "pattern": "ember"}
      ],
      "weight": 0.85
    },
    {
      "name": "Backbone.js",
      "category": "JavaScript Frameworks",
      "matchers": [
        {"type": "global_js_regex", "pattern": "Backbone"},
        {"type": "script_src_regex", "pattern": "backbone"}
      ],
      "weight": 0.8
    },
    {
      "name": "Gatsby",
      "category": "JavaScript Frameworks",
      "subcategories": ["Static Site Generator"],
      "matchers": [
        {"type": "html_regex", "pattern": "gatsby|___gatsby"},
        {"type": "global_js_regex", "pattern": "___gatsby"}
      ],
      "weight": 0.9
    },
    {
      "name": "Astro",
      "category": "JavaScript Frameworks",
      "subcategories": ["Static Site Generator"],
      "matchers": [
        {"type": "html_regex", "pattern": "astro-|data-astro"},
        {"type": "meta_regex", "pattern": "astro"}
      ],
      "weight": 0.85
    },
    {
      "name": "Remix",
      "category": "JavaScript Frameworks",
      "matchers": [
        {"type": "html_regex", "pattern": "remix|__remix"},
        {"type": "global_js_regex", "pattern": "__remix"}
      ],
      "weight": 0.85
    },
    {
      "name": "SolidJS",
      "category": "JavaScript Frameworks",
      "matchers": [
        {"type": "html_regex", "pattern": "solid-js|_$"},
        {"type": "global_js_regex", "pattern": "solidjs"}
      ],
      "weight": 0.8
    },
    {
      "name": "Preact",
      "category": "JavaScript Frameworks",
      "matchers": [
        {"type": "global_js_regex", "pattern": "preact"},
        {"type": "script_src_regex", "pattern": "preact"}
      ],
      "weight": 0.8
    },
    {
      "name": "Alpine.js",
      "category": "JavaScript Frameworks",
      "matchers": [
        {"type": "html_regex", "pattern": "x-data|x-bind|x-on|x-show"},
        {"type": "global_js_regex", "pattern": "Alpine"}
      ],
      "weight": 0.85
    },
    {
      "name": "HTMX",
      "category": "JavaScript Frameworks",
      "matchers": [
        {"type": "html_regex", "pattern": "hx-get|hx-post|hx-trigger"},
        {"type": "script_src_regex", "pattern": "htmx"}
      ],
      "weight": 0.85
    },


    {
      "name": "jQuery",
      "category": "JavaScript Libraries",
      "matchers": [
        {"type": "script_src_regex", "pattern": "jquery(\\.min)?\\.js"},
        {"type": "html_regex", "pattern": "jQuery"},
        {"type": "global_js_regex", "pattern": "jQuery|\\$\\.fn\\.jquery"}
      ],
      "weight": 0.9
    },
    {
      "name": "jQuery UI",
      "category": "JavaScript Libraries",
      "matchers": [
        {"type": "script_src_regex", "pattern": "jquery-ui(\\.min)?\\.js"},
        {"type": "html_regex", "pattern": "jquery-ui"},
        {"type": "global_js_regex", "pattern": "\\$\\.ui"}
      ],
      "weight": 0.85
    },
    {
      "name": "Lodash",
      "category": "JavaScript Libraries",
      "matchers": [
        {"type": "script_src_regex", "pattern": "lodash(\\.min)?\\.js"},
        {"type": "global_js_regex", "pattern": "_\\.VERSION"}
      ],
      "weight": 0.85
    },
    {
      "name": "Underscore.js",
      "category": "JavaScript Libraries",
      "matchers": [
        {"type": "script_src_regex", "pattern": "underscore(\\.min)?\\.js"},
        {"type": "global_js_regex", "pattern": "_\\.VERSION"}
      ],
      "weight": 0.8
    },
    {
      "name": "Moment.js",
      "category": "JavaScript Libraries",
      "subcategories": ["Date/Time"],
      "matchers": [
        {"type": "script_src_regex", "pattern": "moment(\\.min)?\\.js"},
        {"type": "global_js_regex", "pattern": "moment"}
      ],
      "weight": 0.85
    },
    {
      "name": "Day.js",
      "category": "JavaScript Libraries",
      "subcategories": ["Date/Time"],
      "matchers": [
        {"type": "script_src_regex", "pattern": "dayjs"},
        {"type": "global_js_regex", "pattern": "dayjs"}
      ],
      "weight": 0.8
    },
    {
      "name": "Axios",
      "category": "JavaScript Libraries",
      "subcategories": ["HTTP Client"],
      "matchers": [
        {"type": "script_src_regex", "pattern": "axios(\\.min)?\\.js"},
        {"type": "global_js_regex", "pattern": "axios"}
      ],
      "weight": 0.85
    },
    {
      "name": "Three.js",
      "category": "JavaScript Libraries",
      "subcategories": ["3D Graphics"],
      "matchers": [
        {"type": "script_src_regex", "pattern": "three(\\.min)?\\.js"},
        {"type": "global_js_regex", "pattern": "THREE"}
      ],
      "weight": 0.85
    },
    {
      "name": "D3.js",
      "category": "JavaScript Libraries",
      "subcategories": ["Data Visualization"],
      "matchers": [
        {"type": "script_src_regex", "pattern": "d3(\\.min)?\\.js|d3\\.v[0-9]"},
        {"type": "global_js_regex", "pattern": "d3\\.version"}
      ],
      "weight": 0.9
    },
    {
      "name": "Chart.js",
      "category": "JavaScript Libraries",
      "subcategories": ["Charts"],
      "matchers": [
        {"type": "script_src_regex", "pattern": "chart(\\.min)?\\.js"},
        {"type": "global_js_regex", "pattern": "Chart\\."}
      ],
      "weight": 0.85
    },
    {
      "name": "Highcharts",
      "category": "JavaScript Libraries",
      "subcategories": ["Charts"],
      "matchers": [
        {"type": "script_src_regex", "pattern": "highcharts"},
        {"type": "global_js_regex", "pattern": "Highcharts"}
      ],
      "weight": 0.85
    },
    {
      "name": "Leaflet",
      "category": "JavaScript Libraries",
      "subcategories": ["Maps"],
      "matchers": [
        {"type": "script_src_regex", "pattern": "leaflet"},
        {"type": "global_js_regex", "pattern": "L\\.version"}
      ],
      "weight": 0.85
    },
    {
      "name": "Google Maps",
      "category": "JavaScript Libraries",
      "subcategories": ["Maps"],
      "matchers": [
        {"type": "script_src_regex", "pattern": "maps\\.googleapis\\.com/maps/api"},
        {"type": "global_js_regex", "pattern": "google\\.maps"}
      ],
      "weight": 0.95
    },
    {
      "name": "Mapbox",
      "category": "JavaScript Libraries",
      "subcategories": ["Maps"],
      "matchers": [
        {"type": "script_src_regex", "pattern": "mapbox"},
        {"type": "global_js_regex", "pattern": "mapboxgl"}
      ],
      "weight": 0.9
    },
    {
      "name": "Swiper",
      "category": "JavaScript Libraries",
      "subcategories": ["Slider/Carousel"],
      "matchers": [
        {"type": "script_src_regex", "pattern": "swiper"},
        {"type": "html_regex", "pattern": "swiper-container|swiper-slide"},
        {"type": "global_js_regex", "pattern": "Swiper"}
      ],
      "weight": 0.85
    },
    {
      "name": "Slick",
      "category": "JavaScript Libraries",
      "subcategories": ["Slider/Carousel"],
      "matchers": [
        {"type": "script_src_regex", "pattern": "slick"},
        {"type": "html_regex", "pattern": "slick-slide|slick-track"}
      ],
      "weight": 0.85
    },
    {
      "name": "Owl Carousel",
      "category": "JavaScript Libraries",
      "subcategories": ["Slider/Carousel"],
      "matchers": [
        {"type": "script_src_regex", "pattern": "owl\\.carousel"},
        {"type": "html_regex", "pattern": "owl-carousel"}
      ],
      "weight": 0.8
    },
    {
      "name": "AOS (Animate On Scroll)",
      "category": "JavaScript Libraries",
      "subcategories": ["Animation"],
      "matchers": [
        {"type": "script_src_regex", "pattern": "aos\\.js"},
        {"type": "html_regex", "pattern": "data-aos"}
      ],
      "weight": 0.8
    },
    {
      "name": "GSAP",
      "category": "JavaScript Libraries",
      "subcategories": ["Animation"],
      "matchers": [
        {"type": "script_src_regex", "pattern": "gsap|TweenMax|TweenLite"},
        {"type": "global_js_regex", "pattern": "gsap|TweenMax"}
      ],
      "weight": 0.85
    },
    {
      "name": "Animate.css",
      "category": "JavaScript Libraries",
      "subcategories": ["Animation"],
      "matchers": [
        {"type": "html_regex", "pattern": "animate__animated|animate\\.css"}
      ],
      "weight": 0.8
    },
    {
      "name": "Socket.IO",
      "category": "JavaScript Libraries",
      "subcategories": ["WebSocket"],
      "matchers": [
        {"type": "script_src_regex", "pattern": "socket\\.io"},
        {"type": "global_js_regex", "pattern": "io\\("}
      ],
      "weight": 0.85
    },
    {
      "name": "Intersection Observer",
      "category": "JavaScript Libraries",
      "matchers": [
        {"type": "global_js_regex", "pattern": "IntersectionObserver"}
      ],
      "weight": 0.8
    },


    {
      "name": "Bootstrap",
      "category": "CSS Frameworks",
      "matchers": [
        {"type": "html_regex", "pattern": "bootstrap|btn-primary|col-md-|container-fluid"},
        {"type": "script_src_regex", "pattern": "bootstrap"},
        {"type": "link_regex", "pattern": "bootstrap"}
      ],
      "weight": 0.9
    },
    {
      "name": "Tailwind CSS",
      "category": "CSS Frameworks",
      "matchers": [
        {"type": "html_regex", "pattern": "bg-\\[|text-\\[|hover:|flex|grid|container mx-auto"},
        {"type": "link_regex", "pattern": "tailwind"}
      ],
      "weight": 0.85
    },
    {
      "name": "Foundation",
      "category": "CSS Frameworks",
      "matchers": [
        {"type": "html_regex", "pattern": "foundation|large-|medium-|small-"},
        {"type": "link_regex", "pattern": "foundation"}
      ],
      "weight": 0.85
    },
    {
      "name": "Bulma",
      "category": "CSS Frameworks",
      "matchers": [
        {"type": "html_regex", "pattern": "bulma|is-primary|is-active"},
        {"type": "link_regex", "pattern": "bulma"}
      ],
      "weight": 0.8
    },
    {
      "name": "Material-UI",
      "category": "CSS Frameworks",
      "subcategories": ["React"],
      "matchers": [
        {"type": "html_regex", "pattern": "MuiButton|Mui|makeStyles"},
        {"type": "script_src_regex", "pattern": "@mui|@material-ui"}
      ],
      "weight": 0.85
    },
    {
      "name": "Ant Design",
      "category": "CSS Frameworks",
      "subcategories": ["React"],
      "matchers": [
        {"type": "html_regex", "pattern": "ant-btn|ant-|antd"},
        {"type": "script_src_regex", "pattern": "antd"}
      ],
      "weight": 0.85
    },
    {
      "name": "Semantic UI",
      "category": "CSS Frameworks",
      "matchers": [
        {"type": "html_regex", "pattern": "ui button|ui container|semantic"},
        {"type": "link_regex", "pattern": "semantic"}
      ],
      "weight": 0.8
    },
    {
      "name": "UIKit",
      "category": "CSS Frameworks",
      "matchers": [
        {"type": "html_regex", "pattern": "uk-button|uk-container|uikit"},
        {"type": "script_src_regex", "pattern": "uikit"}
      ],
      "weight": 0.8
    },
    {
      "name": "Materialize",
      "category": "CSS Frameworks",
      "matchers": [
        {"type": "html_regex", "pattern": "materialize|waves-effect"},
        {"type": "link_regex", "pattern": "materialize"}
      ],
      "weight": 0.8
    },
    {
      "name": "Chakra UI",
      "category": "CSS Frameworks",
      "subcategories": ["React"],
      "matchers": [
        {"type": "html_regex", "pattern": "chakra-|css-"},
        {"type": "script_src_regex", "pattern": "@chakra-ui"}
      ],
      "weight": 0.8
    },


    {
      "name": "Nginx",
      "category": "Web Server",
      "matchers": [
        {"type": "header_regex", "pattern": "Server:\\s*nginx|X-Powered-By:\\s*nginx"}
      ],
      "weight": 0.95
    },
    {
      "name": "Apache",
      "category": "Web Server",
      "matchers": [
        {"type": "header_regex", "pattern": "Server:\\s*Apache"}
      ],
      "weight": 0.95
    },
    {
      "name": "Microsoft IIS",
      "category": "Web Server",
      "matchers": [
        {"type": "header_regex", "pattern": "Server:\\s*Microsoft-IIS"}
      ],
      "weight": 0.95
    },
    {
      "name": "LiteSpeed",
      "category": "Web Server",
      "matchers": [
        {"type": "header_regex", "pattern": "Server:\\s*LiteSpeed"}
      ],
      "weight": 0.9
    },
    {
      "name": "Caddy",
      "category": "Web Server",
      "matchers": [
        {"type": "header_regex", "pattern": "Server:\\s*Caddy"}
      ],
      "weight": 0.85
    },
    {
      "name": "Varnish",
      "category": "Web Server",
      "subcategories": ["Caching"],
      "matchers": [
        {"type": "header_regex", "pattern": "X-Varnish|Via:.*\\d+\\.\\d+\\s+varnish|Server:\\s*varnish"}
      ],
      "weight": 0.95
    },
    {
      "name": "Tomcat",
      "category": "Web Server",
      "matchers": [
        {"type": "header_regex", "pattern": "Server:\\s*Apache-Coyote|X-Powered-By:\\s*Tomcat"}
      ],
      "weight": 0.85
    },
    {
      "name": "Node.js",
      "category": "Web Server",
      "matchers": [
        {"type": "header_regex", "pattern": "X-Powered-By:\\s*Express|X-Powered-By:\\s*Node"}
      ],
      "weight": 0.85
    },


    {
      "name": "Cloudflare",
      "category": "CDN & Hosting",
      "matchers": [
        {"type": "header_regex", "pattern": "CF-RAY|cf-cache-status|Server:\\s*cloudflare"},
        {"type": "dns_regex", "pattern": "cloudflare"}
      ],
      "weight": 0.95
    },
    {
      "name": "AWS CloudFront",
      "category": "CDN & Hosting",
      "matchers": [
        {"type": "header_regex", "pattern": "X-Amz-Cf-Id|Via:.*CloudFront"},
        {"type": "script_src_regex", "pattern": "cloudfront\\.net"}
      ],
      "weight": 0.9
    },
    {
      "name": "Akamai",
      "category": "CDN & Hosting",
      "matchers": [
        {"type": "header_regex", "pattern": "X-Akamai|X-Cache.*akamai"}
      ],
      "weight": 0.9
    },
    {
      "name": "Fastly",
      "category": "CDN & Hosting",
      "matchers": [
        {"type": "header_regex", "pattern": "X-Fastly|Fastly|x-served-by.*cache"}
      ],
      "weight": 0.85
    },
    {
      "name": "Amazon S3",
      "category": "CDN & Hosting",
      "matchers": [
        {"type": "script_src_regex", "pattern": "s3\\.amazonaws\\.com|s3-[a-z0-9-]+\\.amazonaws"},
        {"type": "header_regex", "pattern": "x-amz"}
      ],
      "weight": 0.9
    },
    {
      "name": "Google Cloud CDN",
      "category": "CDN & Hosting",
      "matchers": [
        {"type": "header_regex", "pattern": "Via:.*google"}
      ],
      "weight": 0.85
    },
    {
      "name": "Azure CDN",
      "category": "CDN & Hosting",
      "matchers": [
        {"type": "header_regex", "pattern": "X-Azure|X-Cache.*azure"}
      ],
      "weight": 0.85
    },
    {
      "name": "jsDelivr",
      "category": "CDN & Hosting",
      "matchers": [
        {"type": "script_src_regex", "pattern": "cdn\\.jsdelivr\\.net"}
      ],
      "weight": 0.9
    },
    {
      "name": "unpkg",
      "category": "CDN & Hosting",
      "matchers": [
        {"type": "script_src_regex", "pattern": "unpkg\\.com"}
      ],
      "weight": 0.85
    },
    {
      "name": "cdnjs",
      "category": "CDN & Hosting",
      "matchers": [
        {"type": "script_src_regex", "pattern": "cdnjs\\.cloudflare\\.com"}
      ],
      "weight": 0.9
    },
    {
      "name": "Vercel",
      "category": "CDN & Hosting",
      "matchers": [
        {"type": "header_regex", "pattern": "x-vercel|Server:\\s*Vercel"}
      ],
      "weight": 0.9
    },
    {
      "name": "Netlify",
      "category": "CDN & Hosting",
      "matchers": [
        {"type": "header_regex", "pattern": "x-nf-request-id|Server:\\s*Netlify"}
      ],
      "weight": 0.9
    },
    {
      "name": "GitHub Pages",
      "category": "CDN & Hosting",
      "matchers": [
        {"type": "header_regex", "pattern": "X-GitHub-Request"},
        {"type": "domain_regex", "pattern": "github\\.io"}
      ],
      "weight": 0.95
    },
    {
      "name": "Heroku",
      "category": "CDN & Hosting",
      "matchers": [
        {"type": "header_regex", "pattern": "Via:.*heroku"},
        {"type": "domain_regex", "pattern": "herokuapp\\.com"}
      ],
      "weight": 0.9
    },
    {
      "name": "DigitalOcean",
      "category": "CDN & Hosting",
      "matchers": [
        {"type": "domain_regex", "pattern": "digitaloceanspaces\\.com"}
      ],
      "weight": 0.85
    },


    {
      "name": "Stripe",
      "category": "Payment Processing",
      "matchers": [
        {"type": "script_src_regex", "pattern": "js\\.stripe\\.com"},
        {"type": "global_js_regex", "pattern": "Stripe\\("}
      ],
      "weight": 0.95
    },
    {
      "name": "PayPal",
      "category": "Payment Processing",
      "matchers": [
        {"type": "script_src_regex", "pattern": "paypal\\.com|paypalobjects\\.com"},
        {"type": "html_regex", "pattern": "paypal"}
      ],
      "weight": 0.95
    },
    {
      "name": "Square",
      "category": "Payment Processing",
      "matchers": [
        {"type": "script_src_regex", "pattern": "squareup\\.com|square\\.link"},
        {"type": "global_js_regex", "pattern": "Square"}
      ],
      "weight": 0.9
    },
    {
      "name": "Braintree",
      "category": "Payment Processing",
      "matchers": [
        {"type": "script_src_regex", "pattern": "braintreegateway\\.com"},
        {"type": "global_js_regex", "pattern": "braintree"}
      ],
      "weight": 0.9
    },
    {
      "name": "Authorize.Net",
      "category": "Payment Processing",
      "matchers": [
        {"type": "script_src_regex", "pattern": "authorize\\.net"},
        {"type": "html_regex", "pattern": "authorize\\.net"}
      ],
      "weight": 0.9
    },
    {
      "name": "Adyen",
      "category": "Payment Processing",
      "matchers": [
        {"type": "script_src_regex", "pattern": "adyen\\.com"},
        {"type": "global_js_regex", "pattern": "adyen"}
      ],
      "weight": 0.85
    },
    {
      "name": "Klarna",
      "category": "Payment Processing",
      "matchers": [
        {"type": "script_src_regex", "pattern": "klarna\\.com|x\\.klarnacdn\\.net"},
        {"type": "global_js_regex", "pattern": "Klarna"}
      ],
      "weight": 0.85
    },
    {
      "name": "Razorpay",
      "category": "Payment Processing",
      "matchers": [
        {"type": "script_src_regex", "pattern": "checkout\\.razorpay\\.com"},
        {"type": "global_js_regex", "pattern": "Razorpay"}
      ],
      "weight": 0.9
    },
    {
      "name": "Mollie",
      "category": "Payment Processing",
      "matchers": [
        {"type": "script_src_regex", "pattern": "mollie\\.com"}
      ],
      "weight": 0.85
    },


    {
      "name": "Mailchimp",
      "category": "Email Services",
      "subcategories": ["Marketing Automation"],
      "matchers": [
        {"type": "script_src_regex", "pattern": "list-manage\\.com|mailchimp\\.com"},
        {"type": "html_regex", "pattern": "mailchimp"}
      ],
      "weight": 0.95
    },
    {
      "name": "SendGrid",
      "category": "Email Services",
      "matchers": [
        {"type": "script_src_regex", "pattern": "sendgrid\\.com|sendgrid\\.net"},
        {"type": "header_regex", "pattern": "X-SG-"}
      ],
      "weight": 0.9
    },
    {
      "name": "Mandrill",
      "category": "Email Services",
      "matchers": [
        {"type": "html_regex", "pattern": "mandrillapp\\.com"},
        {"type": "header_regex", "pattern": "X-Mandrill"}
      ],
      "weight": 0.85
    },
    {
      "name": "Amazon SES",
      "category": "Email Services",
      "matchers": [
        {"type": "header_regex", "pattern": "X-SES-|amazonses"}
      ],
      "weight": 0.85
    },
    {
      "name": "SparkPost",
      "category": "Email Services",
      "matchers": [
        {"type": "header_regex", "pattern": "X-MSYS-API|sparkpost"}
      ],
      "weight": 0.8
    },
    {
      "name": "Postmark",
      "category": "Email Services",
      "matchers": [
        {"type": "header_regex", "pattern": "X-Postmark"}
      ],
      "weight": 0.85
    },


    {
      "name": "Google Ads (AdWords)",
      "category": "Advertising",
      "matchers": [
        {"type": "script_src_regex", "pattern": "googleadservices\\.com|google\\.com/ads|googleads\\.g\\.doubleclick\\.net"},
        {"type": "global_js_regex", "pattern": "google_conversion"}
      ],
      "weight": 0.95
    },
    {
      "name": "Google AdSense",
      "category": "Advertising",
      "matchers": [
        {"type": "script_src_regex", "pattern": "pagead2\\.googlesyndication\\.com"},
        {"type": "global_js_regex", "pattern": "adsbygoogle"}
      ],
      "weight": 0.95
    },
    {
      "name": "DoubleClick",
      "category": "Advertising",
      "matchers": [
        {"type": "script_src_regex", "pattern": "doubleclick\\.net"},
        {"type": "html_regex", "pattern": "doubleclick"}
      ],
      "weight": 0.9
    },
    {
      "name": "Facebook Pixel",
      "category": "Advertising",
      "matchers": [
        {"type": "script_src_regex", "pattern": "connect\\.facebook\\.net/.*fbevents"},
        {"type": "global_js_regex", "pattern": "fbq\\("}
      ],
      "weight": 0.95
    },
    {
      "name": "LinkedIn Insight Tag",
      "category": "Advertising",
      "matchers": [
        {"type": "script_src_regex", "pattern": "snap\\.licdn\\.com"},
        {"type": "global_js_regex", "pattern": "_linkedin_partner_id"}
      ],
      "weight": 0.9
    },
    {
      "name": "Twitter Ads",
      "category": "Advertising",
      "matchers": [
        {"type": "script_src_regex", "pattern": "static\\.ads-twitter\\.com"},
        {"type": "global_js_regex", "pattern": "twq\\("}
      ],
      "weight": 0.9
    },
    {
      "name": "Reddit Ads",
      "category": "Advertising",
      "matchers": [
        {"type": "script_src_regex", "pattern": "redditmedia\\.com.*pixel|alb\\.reddit\\.com"},
        {"type": "global_js_regex", "pattern": "rdt\\("}
      ],
      "weight": 0.85
    },
    {
      "name": "TikTok Pixel",
      "category": "Advertising",
      "matchers": [
        {"type": "script_src_regex", "pattern": "analytics\\.tiktok\\.com"},
        {"type": "global_js_regex", "pattern": "ttq"}
      ],
      "weight": 0.9
    },
    {
      "name": "Pinterest Tag",
      "category": "Advertising",
      "matchers": [
        {"type": "script_src_regex", "pattern": "s\\.pinimg\\.com/ct/core\\.js"},
        {"type": "global_js_regex", "pattern": "pintrk"}
      ],
      "weight": 0.85
    },
    {
      "name": "Bing Ads",
      "category": "Advertising",
      "matchers": [
        {"type": "script_src_regex", "pattern": "bat\\.bing\\.com"},
        {"type": "global_js_regex", "pattern": "uetq"}
      ],
      "weight": 0.9
    },
    {
      "name": "Taboola",
      "category": "Advertising",
      "subcategories": ["Native Advertising"],
      "matchers": [
        {"type": "script_src_regex", "pattern": "cdn\\.taboola\\.com"},
        {"type": "global_js_regex", "pattern": "_taboola"}
      ],
      "weight": 0.85
    },
    {
      "name": "Outbrain",
      "category": "Advertising",
      "subcategories": ["Native Advertising"],
      "matchers": [
        {"type": "script_src_regex", "pattern": "outbrain\\.com"},
        {"type": "global_js_regex", "pattern": "outbrain"}
      ],
      "weight": 0.85
    },
    {
      "name": "Media.net",
      "category": "Advertising",
      "matchers": [
        {"type": "script_src_regex", "pattern": "media\\.net"}
      ],
      "weight": 0.8
    },
    {
      "name": "Criteo",
      "category": "Advertising",
      "matchers": [
        {"type": "script_src_regex", "pattern": "static\\.criteo\\.net"},
        {"type": "global_js_regex", "pattern": "criteo"}
      ],
      "weight": 0.85
    },
    {
      "name": "The Trade Desk",
      "category": "Advertising",
      "matchers": [
        {"type": "script_src_regex", "pattern": "adsrvr\\.org"},
        {"type": "global_js_regex", "pattern": "ttd"}
      ],
      "weight": 0.85
    },
    {
      "name": "DemDex (Adobe Audience Manager)",
      "category": "Advertising",
      "matchers": [
        {"type": "script_src_regex", "pattern": "demdex\\.net"},
        {"type": "cookie_regex", "pattern": "demdex"}
      ],
      "weight": 0.9
    },

    {
      "name": "HubSpot",
      "category": "Marketing Automation",
      "matchers": [
        {"type": "script_src_regex", "pattern": "hs-scripts\\.com|hubspot\\.com|hsforms\\.net"},
        {"type": "global_js_regex", "pattern": "_hsq|HubSpotConversations"}
      ],
      "weight": 0.95
    },
    {
      "name": "Marketo",
      "category": "Marketing Automation",
      "matchers": [
        {"type": "script_src_regex", "pattern": "munchkin\\.marketo\\.net"},
        {"type": "global_js_regex", "pattern": "Munchkin"}
      ],
      "weight": 0.9
    },
    {
      "name": "Pardot",
      "category": "Marketing Automation",
      "matchers": [
        {"type": "script_src_regex", "pattern": "pi\\.pardot\\.com"},
        {"type": "html_regex", "pattern": "pardot"}
      ],
      "weight": 0.9
    },
    {
      "name": "ActiveCampaign",
      "category": "Marketing Automation",
      "matchers": [
        {"type": "script_src_regex", "pattern": "trackcmp\\.net"},
        {"type": "html_regex", "pattern": "activecampaign"}
      ],
      "weight": 0.85
    },
    {
      "name": "Eloqua",
      "category": "Marketing Automation",
      "matchers": [
        {"type": "script_src_regex", "pattern": "eloqua\\.com"},
        {"type": "html_regex", "pattern": "eloqua"}
      ],
      "weight": 0.85
    },
    {
      "name": "Drift",
      "category": "Marketing Automation",
      "subcategories": ["Live Chat"],
      "matchers": [
        {"type": "script_src_regex", "pattern": "js\\.driftt\\.com"},
        {"type": "global_js_regex", "pattern": "drift"}
      ],
      "weight": 0.9
    },
    {
      "name": "Intercom",
      "category": "Marketing Automation",
      "subcategories": ["Live Chat"],
      "matchers": [
        {"type": "script_src_regex", "pattern": "widget\\.intercom\\.io"},
        {"type": "global_js_regex", "pattern": "Intercom"}
      ],
      "weight": 0.95
    },
    {
      "name": "Zendesk Chat",
      "category": "Marketing Automation",
      "subcategories": ["Live Chat"],
      "matchers": [
        {"type": "script_src_regex", "pattern": "static\\.zdassets\\.com"},
        {"type": "global_js_regex", "pattern": "\\$zopim|zE"}
      ],
      "weight": 0.9
    },
    {
      "name": "LiveChat",
      "category": "Marketing Automation",
      "subcategories": ["Live Chat"],
      "matchers": [
        {"type": "script_src_regex", "pattern": "cdn\\.livechatinc\\.com"},
        {"type": "global_js_regex", "pattern": "LiveChatWidget"}
      ],
      "weight": 0.9
    },
    {
      "name": "Tawk.to",
      "category": "Marketing Automation",
      "subcategories": ["Live Chat"],
      "matchers": [
        {"type": "script_src_regex", "pattern": "embed\\.tawk\\.to"},
        {"type": "global_js_regex", "pattern": "Tawk_API"}
      ],
      "weight": 0.9
    },
    {
      "name": "Crisp",
      "category": "Marketing Automation",
      "subcategories": ["Live Chat"],
      "matchers": [
        {"type": "script_src_regex", "pattern": "client\\.crisp\\.chat"},
        {"type": "global_js_regex", "pattern": "\\$crisp"}
      ],
      "weight": 0.85
    },
    {
      "name": "Salesforce",
      "category": "Marketing Automation",
      "subcategories": ["CRM"],
      "matchers": [
        {"type": "script_src_regex", "pattern": "salesforce\\.com|force\\.com"},
        {"type": "global_js_regex", "pattern": "sforce"}
      ],
      "weight": 0.9
    },


    {
      "name": "Optimizely",
      "category": "A/B Testing",
      "matchers": [
        {"type": "script_src_regex", "pattern": "cdn\\.optimizely\\.com"},
        {"type": "global_js_regex", "pattern": "optimizely"}
      ],
      "weight": 0.95
    },
    {
      "name": "Google Optimize",
      "category": "A/B Testing",
      "matchers": [
        {"type": "script_src_regex", "pattern": "optimize\\.google\\.com"},
        {"type": "global_js_regex", "pattern": "gtag.*optimize"}
      ],
      "weight": 0.9
    },
    {
      "name": "VWO (Visual Website Optimizer)",
      "category": "A/B Testing",
      "matchers": [
        {"type": "script_src_regex", "pattern": "dev\\.visualwebsiteoptimizer\\.com"},
        {"type": "global_js_regex", "pattern": "_vwo_"}
      ],
      "weight": 0.9
    },
    {
      "name": "AB Tasty",
      "category": "A/B Testing",
      "matchers": [
        {"type": "script_src_regex", "pattern": "abtasty\\.com"},
        {"type": "global_js_regex", "pattern": "ABTasty"}
      ],
      "weight": 0.85
    },
    {
      "name": "Adobe Target",
      "category": "A/B Testing",
      "matchers": [
        {"type": "script_src_regex", "pattern": "tt\\.omtrdc\\.net"},
        {"type": "global_js_regex", "pattern": "adobe\\.target"}
      ],
      "weight": 0.9
    },
    {
      "name": "Split.io",
      "category": "A/B Testing",
      "subcategories": ["Feature Flags"],
      "matchers": [
        {"type": "script_src_regex", "pattern": "cdn\\.split\\.io"},
        {"type": "global_js_regex", "pattern": "splitio"}
      ],
      "weight": 0.85
    },
    {
      "name": "LaunchDarkly",
      "category": "A/B Testing",
      "subcategories": ["Feature Flags"],
      "matchers": [
        {"type": "script_src_regex", "pattern": "app\\.launchdarkly\\.com"},
        {"type": "global_js_regex", "pattern": "LDClient"}
      ],
      "weight": 0.85
    },


    {
      "name": "reCAPTCHA",
      "category": "Security",
      "matchers": [
        {"type": "script_src_regex", "pattern": "google\\.com/recaptcha|gstatic\\.com/recaptcha"},
        {"type": "html_regex", "pattern": "g-recaptcha"},
        {"type": "global_js_regex", "pattern": "grecaptcha"}
      ],
      "weight": 0.95
    },
    {
      "name": "hCaptcha",
      "category": "Security",
      "matchers": [
        {"type": "script_src_regex", "pattern": "hcaptcha\\.com"},
        {"type": "html_regex", "pattern": "h-captcha"},
        {"type": "global_js_regex", "pattern": "hcaptcha"}
      ],
      "weight": 0.9
    },
    {
      "name": "Cloudflare Turnstile",
      "category": "Security",
      "matchers": [
        {"type": "script_src_regex", "pattern": "challenges\\.cloudflare\\.com"},
        {"type": "html_regex", "pattern": "cf-turnstile"}
      ],
      "weight": 0.9
    },
    {
      "name": "OneTrust",
      "category": "Security",
      "subcategories": ["Privacy Compliance", "Cookie Consent"],
      "matchers": [
        {"type": "script_src_regex", "pattern": "onetrust\\.com|cdn\\.cookielaw\\.org"},
        {"type": "global_js_regex", "pattern": "OneTrust|Optanon"},
        {"type": "cookie_regex", "pattern": "OptanonConsent"}
      ],
      "weight": 0.95
    },
    {
      "name": "Cookiebot",
      "category": "Security",
      "subcategories": ["Cookie Consent"],
      "matchers": [
        {"type": "script_src_regex", "pattern": "consent\\.cookiebot\\.com"},
        {"type": "global_js_regex", "pattern": "Cookiebot"}
      ],
      "weight": 0.9
    },
    {
      "name": "Osano",
      "category": "Security",
      "subcategories": ["Cookie Consent"],
      "matchers": [
        {"type": "script_src_regex", "pattern": "cmp\\.osano\\.com"},
        {"type": "global_js_regex", "pattern": "Osano"}
      ],
      "weight": 0.85
    },
    {
      "name": "TrustArc",
      "category": "Security",
      "subcategories": ["Privacy Compliance"],
      "matchers": [
        {"type": "script_src_regex", "pattern": "consent\\.trustarc\\.com"},
        {"type": "html_regex", "pattern": "trustarc"}
      ],
      "weight": 0.85
    },
    {
      "name": "Cloudflare Bot Manager",
      "category": "Security",
      "subcategories": ["Bot Detection"],
      "matchers": [
        {"type": "header_regex", "pattern": "cf-bot-management"},
        {"type": "html_regex", "pattern": "cf-challenge"}
      ],
      "weight": 0.85
    },
    {
      "name": "Incapsula (Imperva)",
      "category": "Security",
      "subcategories": ["WAF"],
      "matchers": [
        {"type": "header_regex", "pattern": "X-CDN.*Incapsula|X-Iinfo"},
        {"type": "cookie_regex", "pattern": "incap_ses|visid_incap"}
      ],
      "weight": 0.9
    },
    {
      "name": "Sucuri",
      "category": "Security",
      "subcategories": ["WAF"],
      "matchers": [
        {"type": "header_regex", "pattern": "X-Sucuri"},
        {"type": "html_regex", "pattern": "sucuri"}
      ],
      "weight": 0.85
    },

    {
      "name": "YouTube",
      "category": "Video",
      "matchers": [
        {"type": "html_regex", "pattern": "youtube\\.com/embed|youtu\\.be"},
        {"type": "script_src_regex", "pattern": "youtube\\.com"}
      ],
      "weight": 0.95
    },
    {
      "name": "Vimeo",
      "category": "Video",
      "matchers": [
        {"type": "html_regex", "pattern": "player\\.vimeo\\.com|vimeo\\.com/video"},
        {"type": "script_src_regex", "pattern": "player\\.vimeo\\.com"}
      ],
      "weight": 0.95
    },
    {
      "name": "Wistia",
      "category": "Video",
      "matchers": [
        {"type": "script_src_regex", "pattern": "fast\\.wistia\\.com"},
        {"type": "global_js_regex", "pattern": "_wq|Wistia"}
      ],
      "weight": 0.9
    },
    {
      "name": "Brightcove",
      "category": "Video",
      "matchers": [
        {"type": "script_src_regex", "pattern": "brightcove\\.com|players\\.brightcove\\.net"},
        {"type": "global_js_regex", "pattern": "brightcove|videojs"}
      ],
      "weight": 0.9
    },
    {
      "name": "JW Player",
      "category": "Video",
      "matchers": [
        {"type": "script_src_regex", "pattern": "jwplatform\\.com|jwplayer\\.com"},
        {"type": "global_js_regex", "pattern": "jwplayer"}
      ],
      "weight": 0.85
    },
    {
      "name": "Video.js",
      "category": "Video",
      "matchers": [
        {"type": "script_src_regex", "pattern": "video\\.js|videojs"},
        {"type": "global_js_regex", "pattern": "videojs"}
      ],
      "weight": 0.85
    },
    {
      "name": "Cloudinary",
      "category": "Video",
      "subcategories": ["Media Management"],
      "matchers": [
        {"type": "script_src_regex", "pattern": "cloudinary\\.com|res\\.cloudinary\\.com"}
      ],
      "weight": 0.9
    },
    {
      "name": "Imgix",
      "category": "Video",
      "subcategories": ["Image Optimization"],
      "matchers": [
        {"type": "script_src_regex", "pattern": "imgix\\.net|imgix\\.com"}
      ],
      "weight": 0.85
    },


    {
      "name": "Facebook Social Plugin",
      "category": "Widgets",
      "subcategories": ["Social"],
      "matchers": [
        {"type": "script_src_regex", "pattern": "connect\\.facebook\\.net.*sdk"},
        {"type": "html_regex", "pattern": "fb-like|fb-share"},
        {"type": "global_js_regex", "pattern": "FB\\.init"}
      ],
      "weight": 0.9
    },
    {
      "name": "Twitter Widget",
      "category": "Widgets",
      "subcategories": ["Social"],
      "matchers": [
        {"type": "script_src_regex", "pattern": "platform\\.twitter\\.com/widgets"},
        {"type": "html_regex", "pattern": "twitter-timeline|twitter-share"}
      ],
      "weight": 0.9
    },
    {
      "name": "LinkedIn Follow",
      "category": "Widgets",
      "subcategories": ["Social"],
      "matchers": [
        {"type": "script_src_regex", "pattern": "platform\\.linkedin\\.com"},
        {"type": "html_regex", "pattern": "linkedin.*follow"}
      ],
      "weight": 0.85
    },
    {
      "name": "Instagram Embed",
      "category": "Widgets",
      "subcategories": ["Social"],
      "matchers": [
        {"type": "script_src_regex", "pattern": "instagram\\.com/embed"},
        {"type": "html_regex", "pattern": "instagram-media"}
      ],
      "weight": 0.9
    },
    {
      "name": "AddThis",
      "category": "Widgets",
      "subcategories": ["Social Sharing"],
      "matchers": [
        {"type": "script_src_regex", "pattern": "addthis\\.com"},
        {"type": "global_js_regex", "pattern": "addthis"}
      ],
      "weight": 0.85
    },
    {
      "name": "ShareThis",
      "category": "Widgets",
      "subcategories": ["Social Sharing"],
      "matchers": [
        {"type": "script_src_regex", "pattern": "sharethis\\.com"},
        {"type": "global_js_regex", "pattern": "sharethis"}
      ],
      "weight": 0.85
    },
    {
      "name": "Disqus",
      "category": "Widgets",
      "subcategories": ["Comments"],
      "matchers": [
        {"type": "script_src_regex", "pattern": "disqus\\.com"},
        {"type": "html_regex", "pattern": "disqus_thread"},
        {"type": "global_js_regex", "pattern": "DISQUS"}
      ],
      "weight": 0.9
    },
    {
      "name": "Facebook Comments",
      "category": "Widgets",
      "subcategories": ["Comments"],
      "matchers": [
        {"type": "html_regex", "pattern": "fb-comments"},
        {"type": "script_src_regex", "pattern": "connect\\.facebook\\.net"}
      ],
      "weight": 0.85
    },
    {
      "name": "Google Fonts",
      "category": "Widgets",
      "subcategories": ["Fonts"],
      "matchers": [
        {"type": "link_regex", "pattern": "fonts\\.googleapis\\.com"},
        {"type": "script_src_regex", "pattern": "fonts\\.googleapis\\.com"}
      ],
      "weight": 0.9
    },
    {
      "name": "Font Awesome",
      "category": "Widgets",
      "subcategories": ["Icons"],
      "matchers": [
        {"type": "link_regex", "pattern": "fontawesome|font-awesome"},
        {"type": "html_regex", "pattern": "fa-|fas |far |fab "}
      ],
      "weight": 0.9
    },
    {
      "name": "Ionicons",
      "category": "Widgets",
      "subcategories": ["Icons"],
      "matchers": [
        {"type": "script_src_regex", "pattern": "ionicons"},
        {"type": "html_regex", "pattern": "ion-"}
      ],
      "weight": 0.8
    },
    {
      "name": "Vev",
      "category": "Widgets",
      "subcategories": ["Interactive Content"],
      "matchers": [
        {"type": "script_src_regex", "pattern": "vev\\.(page|design)|embed\\.vev\\.page"},
        {"type": "html_regex", "pattern": "embed\\.vev\\.page|vev-"}
      ],
      "weight": 0.9
    },


    {
      "name": "Let's Encrypt",
      "category": "SSL Certificates",
      "matchers": [
        {"type": "ssl_issuer_regex", "pattern": "Let's Encrypt"}
      ],
      "weight": 0.95
    },
    {
      "name": "SSL by Default",
      "category": "SSL Certificates",
      "matchers": [
        {"type": "protocol_check", "pattern": "https_redirect"}
      ],
      "weight": 0.85
    },
    {
      "name": "HSTS",
      "category": "SSL Certificates",
      "matchers": [
        {"type": "header_regex", "pattern": "Strict-Transport-Security"}
      ],
      "weight": 0.9
    },
    {
      "name": "DigiCert",
      "category": "SSL Certificates",
      "matchers": [
        {"type": "ssl_issuer_regex", "pattern": "DigiCert"}
      ],
      "weight": 0.9
    },
    {
      "name": "Cloudflare SSL",
      "category": "SSL Certificates",
      "matchers": [
        {"type": "ssl_issuer_regex", "pattern": "Cloudflare"}
      ],
      "weight": 0.9
    },


    {
      "name": "Schema.org",
      "category": "Structured Data",
      "matchers": [
        {"type": "html_regex", "pattern": "schema\\.org|@type|itemtype"}
      ],
      "weight": 0.85
    },
    {
      "name": "Open Graph Protocol",
      "category": "Structured Data",
      "matchers": [
        {"type": "meta_regex", "pattern": "og:|property=\"og:"}
      ],
      "weight": 0.9
    },
    {
      "name": "Twitter Cards",
      "category": "Structured Data",
      "matchers": [
        {"type": "meta_regex", "pattern": "twitter:card|twitter:site"}
      ],
      "weight": 0.85
    },
    {
      "name": "JSON-LD",
      "category": "Structured Data",
      "matchers": [
        {"type": "html_regex", "pattern": "application/ld\\+json"}
      ],
      "weight": 0.85
    },
    {
      "name": "AMP (Accelerated Mobile Pages)",
      "category": "Mobile",
      "matchers": [
        {"type": "html_regex", "pattern": "<html amp|<html ⚡"},
        {"type": "link_regex", "pattern": "ampproject\\.org"}
      ],
      "weight": 0.95
    },
    {
      "name": "PWA (Progressive Web App)",
      "category": "Mobile",
      "matchers": [
        {"type": "link_regex", "pattern": "manifest\\.json"},
        {"type": "script_src_regex", "pattern": "service-worker|sw\\.js"}
      ],
      "weight": 0.85
    },
    {
      "name": "Viewport Meta",
      "category": "Mobile",
      "matchers": [
        {"type": "meta_regex", "pattern": "viewport.*width=device-width"}
      ],
      "weight": 0.85
    },
    {
      "name": "IPv6",
      "category": "Infrastructure",
      "matchers": [
        {"type": "dns_check", "pattern": "AAAA"}
      ],
      "weight": 0.8
    },
    {
      "name": "HTTP/2",
      "category": "Infrastructure",
      "matchers": [
        {"type": "protocol_check", "pattern": "h2"}
      ],
      "weight": 0.85
    },
    {
      "name": "HTTP/3",
      "category": "Infrastructure",
      "matchers": [
        {"type": "protocol_check", "pattern": "h3"},
        {"type": "header_regex", "pattern": "alt-svc.*h3"}
      ],
      "weight": 0.85
    }
  ]
}
