{
  "url": "https://www.comirnaty.com/",
  "timestamp": "2025-11-03T15:36:44.455201",
  "static_results": [
    {
      "name": "Adobe Analytics (Omniture SiteCatalyst)",
      "category": "Analytics & Tracking",
      "confidence": 0.447,
      "evidence": [
        "script_src:s_code\\.js|AppMeasurement\\.js|omtrdc\\.net|omniture\\.com|2o7\\.net"
      ]
    },
    {
      "name": "Hotjar",
      "category": "Analytics & Tracking",
      "confidence": 0.447,
      "evidence": [
        "script_src:hotjar\\.com|hotjar\\.io"
      ]
    },
    {
      "name": "Content Square",
      "category": "Analytics & Tracking",
      "confidence": 0.43,
      "evidence": [
        "script_src:contentsquare\\.net|t\\.contentsquare\\.net"
      ]
    },
    {
      "name": "Decibel Insight",
      "category": "Analytics & Tracking",
      "confidence": 0.43,
      "evidence": [
        "script_src:decibelinsight\\.net|cdn\\.decibelinsight\\.com"
      ]
    },
    {
      "name": "Adobe Marketing Cloud",
      "category": "Analytics & Tracking",
      "confidence": 0.412,
      "evidence": [
        "script_src:marketing\\.adobe\\.com|demdex\\.net|adobe\\.com.*marketing"
      ]
    },
    {
      "name": "Adobe Dynamic Tag Management",
      "category": "Analytics & Tracking",
      "confidence": 0.412,
      "evidence": [
        "script_src:assets\\.adobedtm\\.com(?!.*launch)"
      ]
    },
    {
      "name": "Adobe Experience Manager Franklin",
      "category": "Content Management System",
      "confidence": 0.628,
      "evidence": [
        "script_src:hlx\\.(page|live)",
        "header:x-franklin|x-edison-type.*Adobe"
      ]
    },
    {
      "name": "Chart.js",
      "category": "JavaScript Libraries",
      "confidence": 0.412,
      "evidence": [
        "script_src:chart(\\.min)?\\.js"
      ]
    },
    {
      "name": "Ant Design",
      "category": "CSS Frameworks",
      "confidence": 0.445,
      "evidence": [
        "html:ant-btn|ant-|antd"
      ]
    },
    {
      "name": "Varnish",
      "category": "Web Server",
      "confidence": 0.326,
      "evidence": [
        "header:X-Varnish|Via:.*\\d+\\.\\d+\\s+varnish|Server:\\s*varnish"
      ]
    },
    {
      "name": "Cloudflare",
      "category": "CDN & Hosting",
      "confidence": 0.326,
      "evidence": [
        "header:CF-RAY|cf-cache-status|Server:\\s*cloudflare"
      ]
    },
    {
      "name": "AWS CloudFront",
      "category": "CDN & Hosting",
      "confidence": 0.43,
      "evidence": [
        "script_src:cloudfront\\.net"
      ]
    },
    {
      "name": "Fastly",
      "category": "CDN & Hosting",
      "confidence": 0.298,
      "evidence": [
        "header:X-Fastly|Fastly|x-served-by.*cache"
      ]
    },
    {
      "name": "Amazon S3",
      "category": "CDN & Hosting",
      "confidence": 0.43,
      "evidence": [
        "script_src:s3\\.amazonaws\\.com|s3-[a-z0-9-]+\\.amazonaws"
      ]
    },
    {
      "name": "jsDelivr",
      "category": "CDN & Hosting",
      "confidence": 0.43,
      "evidence": [
        "script_src:cdn\\.jsdelivr\\.net"
      ]
    },
    {
      "name": "cdnjs",
      "category": "CDN & Hosting",
      "confidence": 0.43,
      "evidence": [
        "script_src:cdnjs\\.cloudflare\\.com"
      ]
    },
    {
      "name": "MaxMind",
      "category": "Mapping",
      "confidence": 0.412,
      "evidence": [
        "script_src:geoip-js\\.com|maxmind\\.com"
      ]
    },
    {
      "name": "Google AdSense",
      "category": "Advertising",
      "confidence": 0.447,
      "evidence": [
        "script_src:pagead2\\.googlesyndication\\.com"
      ]
    },
    {
      "name": "DoubleClick",
      "category": "Advertising",
      "confidence": 0.43,
      "evidence": [
        "script_src:doubleclick\\.net"
      ]
    },
    {
      "name": "DoubleClick Floodlight",
      "category": "Advertising",
      "confidence": 0.412,
      "evidence": [
        "script_src:fls\\.doubleclick\\.net|ad\\.doubleclick\\.net.*activity"
      ]
    },
    {
      "name": "The Trade Desk",
      "category": "Advertising",
      "confidence": 0.412,
      "evidence": [
        "script_src:adsrvr\\.org"
      ]
    },
    {
      "name": "The Trade Desk Universal Pixel",
      "category": "Advertising",
      "confidence": 0.412,
      "evidence": [
        "script_src:js\\.adsrvr\\.org"
      ]
    },
    {
      "name": "DemDex (Adobe Audience Manager)",
      "category": "Advertising",
      "confidence": 0.43,
      "evidence": [
        "script_src:demdex\\.net"
      ]
    },
    {
      "name": "Intercom",
      "category": "Marketing Automation",
      "confidence": 0.447,
      "evidence": [
        "script_src:widget\\.intercom\\.io"
      ]
    },
    {
      "name": "Salesforce",
      "category": "Marketing Automation",
      "confidence": 0.43,
      "evidence": [
        "script_src:salesforce\\.com|force\\.com"
      ]
    },
    {
      "name": "OneTrust",
      "category": "Security",
      "confidence": 0.447,
      "evidence": [
        "script_src:onetrust\\.com|cdn\\.cookielaw\\.org"
      ]
    },
    {
      "name": "Optanon",
      "category": "Security",
      "confidence": 0.447,
      "evidence": [
        "script_src:cdn\\.cookielaw\\.org"
      ]
    },
    {
      "name": "Evidon",
      "category": "Security",
      "confidence": 0.412,
      "evidence": [
        "script_src:evidon\\.com|c\\.evidon\\.com"
      ]
    },
    {
      "name": "YouTube",
      "category": "Video",
      "confidence": 0.447,
      "evidence": [
        "script_src:youtube\\.com"
      ]
    },
    {
      "name": "Brightcove",
      "category": "Video",
      "confidence": 0.43,
      "evidence": [
        "script_src:brightcove\\.com|players\\.brightcove\\.net"
      ]
    },
    {
      "name": "VideoJS",
      "category": "Video",
      "confidence": 0.412,
      "evidence": [
        "script_src:videojs|vjs\\.zencdn\\.net"
      ]
    },
    {
      "name": "Facebook Comments",
      "category": "Widgets",
      "confidence": 0.412,
      "evidence": [
        "script_src:connect\\.facebook\\.net"
      ]
    },
    {
      "name": "Ionicons",
      "category": "Widgets",
      "confidence": 0.426,
      "evidence": [
        "html:ion-"
      ]
    },
    {
      "name": "Vev",
      "category": "Widgets",
      "confidence": 0.43,
      "evidence": [
        "script_src:vev\\.(page|design)|embed\\.vev\\.page"
      ]
    },
    {
      "name": "Flourish",
      "category": "Widgets",
      "confidence": 0.412,
      "evidence": [
        "script_src:flourish\\.studio|public\\.flourish\\.studio"
      ]
    },
    {
      "name": "HSTS",
      "category": "SSL Certificates",
      "confidence": 0.312,
      "evidence": [
        "header:Strict-Transport-Security"
      ]
    },
    {
      "name": "Open Graph Protocol",
      "category": "Structured Data",
      "confidence": 0.393,
      "evidence": [
        "meta:og:|property=\"og:"
      ]
    },
    {
      "name": "Twitter Cards",
      "category": "Structured Data",
      "confidence": 0.376,
      "evidence": [
        "meta:twitter:card|twitter:site"
      ]
    },
    {
      "name": "Viewport Meta",
      "category": "Mobile",
      "confidence": 0.376,
      "evidence": [
        "meta:viewport.*width=device-width"
      ]
    },
    {
      "name": "Conversant",
      "category": "Advertising",
      "confidence": 0.43,
      "evidence": [
        "script_src:dotomi\\.com|conversantmedia\\.com"
      ]
    }
  ],
  "dynamic_results": [
    {
      "name": "Magento",
      "category": "Content Management System",
      "confidence": 0.565,
      "evidence": [
        "global_js:Mage|Magento"
      ]
    },
    {
      "name": "Zendesk Chat",
      "category": "Marketing Automation",
      "confidence": 0.565,
      "evidence": [
        "global_js:\\$zopim|zE"
      ]
    }
  ],
  "evidence": {
    "html": "<!DOCTYPE html>\n<html lang=\"en\">\n  <head>\n    <title>COMIRNATY® (COVID-19 Vaccine, mRNA) | Safety Info</title>\n    <link rel=\"canonical\" href=\"https://www.comirnaty.com/\">\n    <meta name=\"description\" content=\"Learn more about the 2025-2026 Formula of COMIRNATY, a COVID-19 vaccine by Pfizer and BioNTech.\">\n    <meta property=\"og:title\" content=\"COMIRNATY® (COVID-19 Vaccine, mRNA) | Safety Info\">\n    <meta property=\"og:description\" content=\"Learn more about the 2025-2026 Formula of COMIRNATY, a COVID-19 vaccine by Pfizer and BioNTech.\">\n    <meta property=\"og:url\" content=\"https://www.comirnaty.com/\">\n    <meta property=\"og:image\" content=\"https://www.comirnaty.com/media_1f788ef254f07efdabd85e208463b70258bad1a54.png?width=1200&#x26;format=pjpg&#x26;optimize=medium\">\n    <meta property=\"og:image:secure_url\" content=\"https://www.comirnaty.com/media_1f788ef254f07efdabd85e208463b70258bad1a54.png?width=1200&#x26;format=pjpg&#x26;optimize=medium\">\n    <meta name=\"twitter:card\" content=\"summary_large_image\">\n    <meta name=\"twitter:title\" content=\"COMIRNATY® (COVID-19 Vaccine, mRNA) | Safety Info\">\n    <meta name=\"twitter:description\" content=\"Learn more about the 2025-2026 Formula of COMIRNATY, a COVID-19 vaccine by Pfizer and BioNTech.\">\n    <meta name=\"twitter:image\" content=\"https://www.comirnaty.com/media_1f788ef254f07efdabd85e208463b70258bad1a54.png?width=1200&#x26;format=pjpg&#x26;optimize=medium\">\n    <meta name=\"spanish-banner\" content=\"off\">\n    <meta name=\"hero\" content=\"how it works,why it gets updated\">\n    <meta name=\"bodyclass\" content=\"homepage\">\n    <meta name=\"viewport\" content=\"width=device-width, initial-scale=1\">\n    <script src=\"/scripts/scripts.js\" type=\"module\"></script>\n    <link rel=\"stylesheet\" href=\"/styles/styles.css\">\n  </head>\n  <body>\n    <header></header>\n    <main>\n      <div>\n        <div class=\"hero animate-text home-ban\">\n          <div>\n            <div>\n              <h1 id=\"about-comirnatya-biontech-and-pfizer-covid-19vaccine-for-eligible-individuals-5-yearsof-age-and-older-and-how-it-works\">About COMIRNATY, <br>a BioNTech and Pfizer COVID-19 <br>vaccine for eligible individuals 5 years <br>of age and older, and<br>how it works</h1>\n              <p><span class=\"icon icon-asset-pause\"></span></p>\n              <p><span class=\"icon icon-asset-play\"></span></p>\n            </div>\n            <div>\n              <picture>\n                <source type=\"image/webp\" srcset=\"./media_1a19e843d2b08d71057aab34af3726276db0b6992.jpg?width=2000&#x26;format=webply&#x26;optimize=medium\" media=\"(min-width: 600px)\">\n                <source type=\"image/webp\" srcset=\"./media_1a19e843d2b08d71057aab34af3726276db0b6992.jpg?width=750&#x26;format=webply&#x26;optimize=medium\">\n                <source type=\"image/jpeg\" srcset=\"./media_1a19e843d2b08d71057aab34af3726276db0b6992.jpg?width=2000&#x26;format=jpg&#x26;optimize=medium\" media=\"(min-width: 600px)\">\n                <img loading=\"lazy\" alt=\"\" src=\"./media_1a19e843d2b08d71057aab34af3726276db0b6992.jpg?width=750&#x26;format=jpg&#x26;optimize=medium\" width=\"679\" height=\"451\">\n              </picture>\n            </div>\n            <div>\n              <p>COMIRNATY<sup>®</sup> (COVID-19 Vaccine, mRNA) is a vaccine to protect against coronavirus disease 2019 (COVID-19). COMIRNATY is for people who are:</p>\n              <p>• 65 years of age and older, or</p>\n              <p>• 5 years through 64 years of age at high risk for severe COVID-19.</p>\n              <p>See the latest CDC recommendations for COVID-19 vaccination <a href=\"https://www.cdc.gov/covid/vaccines/stay-up-to-date.html\">here</a>.</p>\n            </div>\n          </div>\n        </div>\n      </div>\n      <div>\n        <h3 id=\"check-eligibility-and-schedule-a-covid-19-vaccine-in-minutes\">Check eligibility and schedule a COVID-19 vaccine in minutes</h3>\n        <p><a href=\"/global/popups/external-link-popup-vaxassist\">Book Now<span class=\"icon icon-book-now-arrow-right-white\"></span></a></p>\n        <div class=\"section-metadata\">\n          <div>\n            <div>Style</div>\n            <div>Book a vaccine</div>\n          </div>\n        </div>\n      </div>\n      <div>\n        <p><a href=\"#about-updated-com\">About the Updated Formula of COMIRNATY</a></p>\n        <p><a href=\"#how-comirnaty-works\">How COMIRNATY Works</a></p>\n        <div class=\"section-metadata\">\n          <div>\n            <div>style</div>\n            <div><strong>com-jump-section, homepage-jump</strong></div>\n          </div>\n        </div>\n      </div>\n      <div>\n        <div class=\"columns com-protection\">\n          <div>\n            <div>\n              <h3 id=\"about-the-updated-formula-of-comirnaty\">About the Updated Formula of COMIRNATY</h3>\n            </div>\n            <div>\n              <picture>\n                <source type=\"image/webp\" srcset=\"./media_143ea45bc1647f6580cbcaea70783af1ee40a3403.png?width=2000&#x26;format=webply&#x26;optimize=medium\" media=\"(min-width: 600px)\">\n                <source type=\"image/webp\" srcset=\"./media_143ea45bc1647f6580cbcaea70783af1ee40a3403.png?width=750&#x26;format=webply&#x26;optimize=medium\">\n                <source type=\"image/png\" srcset=\"./media_143ea45bc1647f6580cbcaea70783af1ee40a3403.png?width=2000&#x26;format=png&#x26;optimize=medium\" media=\"(min-width: 600px)\">\n                <img loading=\"lazy\" alt=\"Actor portrayal of doctor discussing with her patient\" src=\"./media_143ea45bc1647f6580cbcaea70783af1ee40a3403.png?width=750&#x26;format=png&#x26;optimize=medium\" width=\"493\" height=\"330\">\n              </picture><u>Actor portrayals.</u>\n            </div>\n          </div>\n          <div>\n            <div>\n              <p>The virus that causes COVID-19 continues to evolve, and protection from previous COVID-19 vaccination or infection can decrease over time. This can leave eligible individuals at increased risk for COVID-19 and serious outcomes.</p>\n              <p><strong>An updated formula of COMIRNATY is designed to help protect against more recently circulating strains that cause COVID-19.</strong></p>\n            </div>\n            <div>Updated formulas of COMIRNATY are made using a process similar to previous formulas, with the difference only in the <a href=\"/\">mRNA</a> <span class=\"icon icon-asset-grey-exclaimation\"></span>, which encodes the viral spike protein from recently circulating strains.</div>\n          </div>\n        </div>\n        <div class=\"section-metadata\">\n          <div>\n            <div>anchor-id</div>\n            <div>about-updated-com</div>\n          </div>\n        </div>\n      </div>\n      <div>\n        <div class=\"com-works\">\n          <div>\n            <div>How COMIRNATY Works</div>\n            <div>\n              <p><strong>COMIRNATY helps train your immune system.</strong></p>\n              <p>After vaccination, it works to teach the body to recognize and help fight the virus that causes COVID-19 without you ever having been exposed to it.</p>\n              <p>COMIRNATY does not contain SARS-CoV-2, the virus that causes COVID-19. COMIRNATY cannot give you COVID-19.</p>\n            </div>\n          </div>\n          <div>\n            <div>\n              <p>COMIRNATY is composed of mRNA wrapped in a protective coating for delivery. After vaccination, the mRNA enters the cell.</p>\n              <p>\n                <picture>\n                  <source type=\"image/webp\" srcset=\"./media_1695a5c81bf892c0399f08ba60e16dfa1291ec9d6.png?width=2000&#x26;format=webply&#x26;optimize=medium\" media=\"(min-width: 600px)\">\n                  <source type=\"image/webp\" srcset=\"./media_1695a5c81bf892c0399f08ba60e16dfa1291ec9d6.png?width=750&#x26;format=webply&#x26;optimize=medium\">\n                  <source type=\"image/png\" srcset=\"./media_1695a5c81bf892c0399f08ba60e16dfa1291ec9d6.png?width=2000&#x26;format=png&#x26;optimize=medium\" media=\"(min-width: 600px)\">\n                  <img loading=\"lazy\" alt=\"Illustration of how COMIRNATY works\" src=\"./media_1695a5c81bf892c0399f08ba60e16dfa1291ec9d6.png?width=750&#x26;format=png&#x26;optimize=medium\" width=\"447\" height=\"306\">\n                </picture>\n              </p>\n            </div>\n            <div>\n              <p>mRNA provides the cell instructions to build copies of spike protein found on the surface of the virus that causes COVID-19.</p>\n              <p>\n                <picture>\n                  <source type=\"image/webp\" srcset=\"./media_16f3ee6019034ab0260697ea92c4d317e380eecf5.png?width=2000&#x26;format=webply&#x26;optimize=medium\" media=\"(min-width: 600px)\">\n                  <source type=\"image/webp\" srcset=\"./media_16f3ee6019034ab0260697ea92c4d317e380eecf5.png?width=750&#x26;format=webply&#x26;optimize=medium\">\n                  <source type=\"image/png\" srcset=\"./media_16f3ee6019034ab0260697ea92c4d317e380eecf5.png?width=2000&#x26;format=png&#x26;optimize=medium\" media=\"(min-width: 600px)\">\n                  <img loading=\"lazy\" alt=\"Illustration of how COMIRNATY works\" src=\"./media_16f3ee6019034ab0260697ea92c4d317e380eecf5.png?width=750&#x26;format=png&#x26;optimize=medium\" width=\"328\" height=\"204\">\n                </picture>\n              </p>\n            </div>\n            <div>\n              <p><em>The spike protein is presented on the surface of the cell and trains the immune system. <strong>The resulting immune response, which includes antibodies, is what recognizes and helps fight COVID-19 if you are exposed to the virus in the future.</strong></em></p>\n              <p>\n                <picture>\n                  <source type=\"image/webp\" srcset=\"./media_11380ed680fddfcd0eb91ab861fcb2193f15927ff.png?width=2000&#x26;format=webply&#x26;optimize=medium\" media=\"(min-width: 600px)\">\n                  <source type=\"image/webp\" srcset=\"./media_11380ed680fddfcd0eb91ab861fcb2193f15927ff.png?width=750&#x26;format=webply&#x26;optimize=medium\">\n                  <source type=\"image/png\" srcset=\"./media_11380ed680fddfcd0eb91ab861fcb2193f15927ff.png?width=2000&#x26;format=png&#x26;optimize=medium\" media=\"(min-width: 600px)\">\n                  <img loading=\"lazy\" alt=\"Illustration of how COMIRNATY works\" src=\"./media_11380ed680fddfcd0eb91ab861fcb2193f15927ff.png?width=750&#x26;format=png&#x26;optimize=medium\" width=\"328\" height=\"204\">\n                </picture>\n              </p>\n            </div>\n          </div>\n          <div>\n            <div>These illustrations are intended for educational purposes only.</div>\n          </div>\n          <div>\n            <div>mRNA technology, used by mRNA COVID-19 vaccines including COMIRNATY, has the potential to streamline vaccine development. This allows for a timely response to FDA-recommended updates to the vaccine for emerging strains of the virus that causes COVID-19.</div>\n          </div>\n        </div>\n        <div class=\"section-metadata\">\n          <div>\n            <div>anchor-id</div>\n            <div>how-comirnaty-works</div>\n          </div>\n        </div>\n      </div>\n      <div>\n        <div class=\"core-hero graphic callout\">\n          <div>\n            <div data-valign=\"middle\">\n              <picture>\n                <source type=\"image/webp\" srcset=\"./media_18f1c016ba26c33f9d0c1929e71d7be2270fa8d31.jpg?width=2000&#x26;format=webply&#x26;optimize=medium\" media=\"(min-width: 600px)\">\n                <source type=\"image/webp\" srcset=\"./media_18f1c016ba26c33f9d0c1929e71d7be2270fa8d31.jpg?width=750&#x26;format=webply&#x26;optimize=medium\">\n                <source type=\"image/jpeg\" srcset=\"./media_18f1c016ba26c33f9d0c1929e71d7be2270fa8d31.jpg?width=2000&#x26;format=jpg&#x26;optimize=medium\" media=\"(min-width: 600px)\">\n                <img loading=\"lazy\" alt=\"Woman surfing her laptop smiling\" src=\"./media_18f1c016ba26c33f9d0c1929e71d7be2270fa8d31.jpg?width=750&#x26;format=jpg&#x26;optimize=medium\" width=\"681\" height=\"453\">\n              </picture>\n            </div>\n            <div data-valign=\"middle\">\n              <h3 id=\"learn-more-about-covid19\">Learn More About COVID‑19</h3>\n              <p><a href=\"/covid-19-info\">See COVID-19 info<span class=\"icon icon-asset-right-arrow\"></span></a></p>\n            </div>\n          </div>\n          <div>\n            <div data-valign=\"middle\"></div>\n          </div>\n        </div>\n      </div>\n      <div>\n        <div class=\"we-want-to-hear\">\n          <div>\n            <div><span class=\"icon icon-asset-heart\"></span>We Want to Hear<br>From You</div>\n          </div>\n          <div>\n            <div>Is this information helpful to you?</div>\n            <div>Yes<span class=\"icon icon-asset-thumbs-up\"></span></div>\n            <div>No<span class=\"icon icon-asset-thumbs-down\"></span></div>\n          </div>\n        </div>\n      </div>\n      <div>\n        <div class=\"fragment\">\n          <div>\n            <div data-valign=\"middle\">/global/fragments/sign-up</div>\n          </div>\n        </div>\n      </div>\n    </main>\n    <footer></footer>\n  </body>\n</html>\n",
    "headers": "date: Mon, 03 Nov 2025 15:36:39 GMT\ncontent-type: text/html; charset=utf-8\ncontent-encoding: gzip\ncf-ray: 998cf2ca3f943e20-SIN\ncf-cache-status: HIT\ncache-control: max-age=7200, must-revalidate\nlast-modified: Mon, 15 Sep 2025 15:35:35 GMT\nstrict-transport-security: max-age=31536000; includeSubdomains; preload\nvary: Accept-Encoding,X-Forwarded-Host\nvia: 1.1 varnish, 1.1 varnish, 1.1 varnish\ncdn-cache-control: max-age=172800, must-revalidate\ncontent-security-policy: script-src 'self' 'unsafe-eval' 'unsafe-inline' *.cloudfront.net/js/hapyak.js *.decibel.com *.decibelinsight.net *.digitalpfizer.com *.dotomi.com *.evidon.com *.force.com *.franklin.edison.pfizer *.hotjar.com *.salesforce-sites.com *.salesforce.com *.salesforceliveagent.com activitymap.adobe.com/sc15/activitymap/ aim-tag.hcn.health/js/ api.neverbounce.com assets.adobedtm.com c.evidon.com cdn.cookielaw.org cdn.di-capt.com cdn.jsdelivr.net cdn.neverbounce.com/widget/dist/NeverBounce.js cdn.vev.design cdnjs.cloudflare.com/ajax/libs/Chart.js/4.4.0/chart.umd.min.js code.jquery.com connect.facebook.net einstein-cdn-dev.pfizer.com einstein-cdn-stage.pfizer.com einstein-cdn.pfizer.com embded.vev.page evidon.com geoip-js.com geolocation.onetrust.com/ helix-pages.anywhere.run https://cdn.di-capt.com/inc.js https://js.adsrvr.org/ https://sdc-ibfw-portal.pfizer.com:6082/ https://smetrics.comirnaty.com/* https://static.cloudflareinsights.com/* interactive-private.digitalpfizer.com interactive-protected.digitalpfizer.com interactive.digitalpfizer.com js.adsrvr.org/ js.intercomcdn.com/ js.vev.design maps.googleapis.com player.interactivity.brightcove.com/ players.brightcove.net resources.digital-cloud.medallia.eu rum.hlx.live/.rum/ rum.hlx.page/.rum/ static.cloudflareinsights.com t.contentsquare.net vjs.zencdn.net widget.doctor.com widget.intercom.io/ www.aem.live/tools/sidekick/library/ www.google-analytics.com www.google.com www.googletagmanager.com www.gstatic.com www.hlx.live/tools/sidekick/library/ www.interactivemanager.pfizer www.youtube.com www.youtube.com/iframe_api; frame-src 'self' *.decibel.com *.decibelinsight.net *.doctor.com *.flourish.studio *.fls.doubleclick.net *.force.com *.hapyak-hosted.com *.hapyak.com *.salesforce.com *.vev.page activitymap.adobe.com/sc15/activitymap/ aim-tag.hcn.health/ fast.pfizer.demdex.net forms.office.com hapyak-assets.s3.amazonaws.com https://* https://embed.vev.page insight.adsrvr.org interactive-private.digitalpfizer.com interactive-protected.digitalpfizer.com interactive.digitalpfizer.com interactivity-uploads.s3.us-east-1.amazonaws.com/ intercom-sheets.com l3.evidon.com pdi.doctor.com pfizer.demdex.net players.brightcove.net read.marvel.com resources.digital-cloud.medallia.eu td.doubleclick.net/ uploads.interactivity.brightcove.com web.microsoftstream.com webfiles.digitalpfizer.com webfiles.pfizer.com www.google.com www.interactivemanager.pfizer www.medtargetsystem.com/ www.webfiles.digitalpfizer.com www.youtube.com; frame-ancestors 'self' *.hapyak.com embed.vev.page https://*.embed.vev.page https://vev.page pfizer.cloudflareaccess.com pfizer.sharepoint.com www.vev.page; connect-src 'self' *.brightcove.com *.brightcove.net *.brightcovecdn.com *.contentsquare.net *.decibel.com *.decibelinsight.net *.demdex.net *.digitalpfizer.com *.doctor.com *.force.com *.franklin.edison.pfizer *.hapyak.com *.hlx.reviews/admin/ *.hotjar.com *.hotjar.io *.salesforce-sites.com *.web.pfizer *.worker.pfizer admin.hlx.page api-iam.intercom.io api.neverbounce.com brightcove.hs.llnwd.net cdn.cookielaw.org det-ms-config-manager.s3.amazonaws.com/ directory-service.consumerism.pressganey.com directory-service.ls.consumerism.pressganey.com dpm.demdex.net edge.adobedc.net einstein-cdn-stage.pfizer.com embed.vev.page geoip-js.com geolocation.onetrust.com/ helix-pages.anywhere.run https://ad.doubleclick.net/ https://insight.adsrvr.org/ https://pagead2.googlesyndication.com/ https://pagead2.googlesyndication.com/* https://smetrics.comirnaty.com/ee/v1/interact https://www.google.com/ https://www.google.com/* interactive-private.digitalpfizer.com interactive-protected.digitalpfizer.com interactive.digitalpfizer.com manifest.prod.boltdns.net maps.googleapis.com pfizer-privacy.my.onetrust.com/ pfizer.cloudflareaccess.com pfizer.sc.omtrdc.net resources.digital-cloud.medallia.eu rum.hlx.live/.rum. rum.hlx.page/.rum/ tagmanager.google.com udc-neb.kampyle.com uploads.interactivity.brightcove.com uploads.intercomcdn.com wss: www.aem.live www.doctor.com www.google-analytics.com www.hlx.live www.interactivemanager.pfizer; default-src 'none'; style-src 'self' 'unsafe-inline' https:; font-src 'self' data: https:; img-src 'self' blob: data: https:; media-src 'self' *.media.brightcove.com blob: film.vev.design house-fastly-signed-eu-west-1-prod.brightcovecdn.com js.intercomcdn.com manifest.prod.boltdns.net secure.brightcove.com/services/mobile/streaming webfiles.digitalpfizer.com; object-src 'self' players.brightcove.net; worker-src 'self' blob: unsafe-eval unsafe-inline; report-uri https://pfeprod.report-uri.com/r/t/csp/enforce\nreferrer-policy: same-origin\nx-cache: MISS, HIT, HIT\nx-cache-hits: 0, 3, 0\nx-content-type-options: nosniff\nx-edison-type: Adobe\nx-frame-options: SAMEORIGIN\nx-franklin-ref: v42\nx-served-by: cache-iad-kjyo7100069-IAD, cache-iad-kjyo7100069-IAD, cache-qpg1234-QPG\nx-timer: S1759462254.256091,VS0,VE1\nx-xss-protection: 1; mode=block\nset-cookie: __cf_bm=0ydz4WjIEof5GIAKfGJ8G8J0HBmHqS.3idjQK8zBXDg-1762184199-1.0.1.1-uEfTXYQcRjeYHGtmjJhucMp8MPvG.XmMuz56M_N_6fgPdg3m3QNpBvLiuJ6sobW.nLp1uM_lUKMaLHvdHNuw2ckcMGCxeIhKzkRX0ZwwWb0; path=/; expires=Mon, 03-Nov-25 16:06:39 GMT; domain=.comirnaty.com; HttpOnly; Secure; SameSite=None\nserver: cloudflare",
    "script_src": [
      "/scripts/scripts.js"
    ],
    "meta": [
      "name=\"description\" content=\"Learn more about the 2025-2026 Formula of COMIRNATY, a COVID-19 vaccine by Pfizer and BioNTech.\"",
      "property=\"og:title\" content=\"COMIRNATY® (COVID-19 Vaccine, mRNA) | Safety Info\"",
      "property=\"og:description\" content=\"Learn more about the 2025-2026 Formula of COMIRNATY, a COVID-19 vaccine by Pfizer and BioNTech.\"",
      "property=\"og:url\" content=\"https://www.comirnaty.com/\"",
      "property=\"og:image\" content=\"https://www.comirnaty.com/media_1f788ef254f07efdabd85e208463b70258bad1a54.png?width=1200&format=pjpg&optimize=medium\"",
      "property=\"og:image:secure_url\" content=\"https://www.comirnaty.com/media_1f788ef254f07efdabd85e208463b70258bad1a54.png?width=1200&format=pjpg&optimize=medium\"",
      "name=\"twitter:card\" content=\"summary_large_image\"",
      "name=\"twitter:title\" content=\"COMIRNATY® (COVID-19 Vaccine, mRNA) | Safety Info\"",
      "name=\"twitter:description\" content=\"Learn more about the 2025-2026 Formula of COMIRNATY, a COVID-19 vaccine by Pfizer and BioNTech.\"",
      "name=\"twitter:image\" content=\"https://www.comirnaty.com/media_1f788ef254f07efdabd85e208463b70258bad1a54.png?width=1200&format=pjpg&optimize=medium\"",
      "name=\"spanish-banner\" content=\"off\"",
      "name=\"hero\" content=\"how it works,why it gets updated\"",
      "name=\"bodyclass\" content=\"homepage\"",
      "name=\"viewport\" content=\"width=device-width, initial-scale=1\""
    ],
    "meta_names": [
      "description",
      "og:title",
      "og:description",
      "og:url",
      "og:image",
      "og:image:secure_url",
      "twitter:card",
      "twitter:title",
      "twitter:description",
      "twitter:image",
      "spanish-banner",
      "hero",
      "bodyclass",
      "viewport"
    ],
    "meta_content": [
      "Learn more about the 2025-2026 Formula of COMIRNATY, a COVID-19 vaccine by Pfizer and BioNTech.",
      "COMIRNATY® (COVID-19 Vaccine, mRNA) | Safety Info",
      "Learn more about the 2025-2026 Formula of COMIRNATY, a COVID-19 vaccine by Pfizer and BioNTech.",
      "https://www.comirnaty.com/",
      "https://www.comirnaty.com/media_1f788ef254f07efdabd85e208463b70258bad1a54.png?width=1200&format=pjpg&optimize=medium",
      "https://www.comirnaty.com/media_1f788ef254f07efdabd85e208463b70258bad1a54.png?width=1200&format=pjpg&optimize=medium",
      "summary_large_image",
      "COMIRNATY® (COVID-19 Vaccine, mRNA) | Safety Info",
      "Learn more about the 2025-2026 Formula of COMIRNATY, a COVID-19 vaccine by Pfizer and BioNTech.",
      "https://www.comirnaty.com/media_1f788ef254f07efdabd85e208463b70258bad1a54.png?width=1200&format=pjpg&optimize=medium",
      "off",
      "how it works,why it gets updated",
      "homepage",
      "width=device-width, initial-scale=1"
    ],
    "links": [
      "https://www.comirnaty.com/",
      "/styles/styles.css"
    ],
    "cookies": [
      "__cf_bm=0ydz4WjIEof5GIAKfGJ8G8J0HBmHqS.3idjQK8zBXDg-1762184199-1.0.1.1-uEfTXYQcRjeYHGtmjJhucMp8MPvG.XmMuz56M_N_6fgPdg3m3QNpBvLiuJ6sobW.nLp1uM_lUKMaLHvdHNuw2ckcMGCxeIhKzkRX0ZwwWb0; path=/; expires=Mon, 03-Nov-25 16:06:39 GMT; domain=.comirnaty.com; HttpOnly; Secure; SameSite=None"
    ],
    "csp": "script-src 'self' 'unsafe-eval' 'unsafe-inline' *.cloudfront.net/js/hapyak.js *.decibel.com *.decibelinsight.net *.digitalpfizer.com *.dotomi.com *.evidon.com *.force.com *.franklin.edison.pfizer *.hotjar.com *.salesforce-sites.com *.salesforce.com *.salesforceliveagent.com activitymap.adobe.com/sc15/activitymap/ aim-tag.hcn.health/js/ api.neverbounce.com assets.adobedtm.com c.evidon.com cdn.cookielaw.org cdn.di-capt.com cdn.jsdelivr.net cdn.neverbounce.com/widget/dist/NeverBounce.js cdn.vev.design cdnjs.cloudflare.com/ajax/libs/Chart.js/4.4.0/chart.umd.min.js code.jquery.com connect.facebook.net einstein-cdn-dev.pfizer.com einstein-cdn-stage.pfizer.com einstein-cdn.pfizer.com embded.vev.page evidon.com geoip-js.com geolocation.onetrust.com/ helix-pages.anywhere.run https://cdn.di-capt.com/inc.js https://js.adsrvr.org/ https://sdc-ibfw-portal.pfizer.com:6082/ https://smetrics.comirnaty.com/* https://static.cloudflareinsights.com/* interactive-private.digitalpfizer.com interactive-protected.digitalpfizer.com interactive.digitalpfizer.com js.adsrvr.org/ js.intercomcdn.com/ js.vev.design maps.googleapis.com player.interactivity.brightcove.com/ players.brightcove.net resources.digital-cloud.medallia.eu rum.hlx.live/.rum/ rum.hlx.page/.rum/ static.cloudflareinsights.com t.contentsquare.net vjs.zencdn.net widget.doctor.com widget.intercom.io/ www.aem.live/tools/sidekick/library/ www.google-analytics.com www.google.com www.googletagmanager.com www.gstatic.com www.hlx.live/tools/sidekick/library/ www.interactivemanager.pfizer www.youtube.com www.youtube.com/iframe_api; frame-src 'self' *.decibel.com *.decibelinsight.net *.doctor.com *.flourish.studio *.fls.doubleclick.net *.force.com *.hapyak-hosted.com *.hapyak.com *.salesforce.com *.vev.page activitymap.adobe.com/sc15/activitymap/ aim-tag.hcn.health/ fast.pfizer.demdex.net forms.office.com hapyak-assets.s3.amazonaws.com https://* https://embed.vev.page insight.adsrvr.org interactive-private.digitalpfizer.com interactive-protected.digitalpfizer.com interactive.digitalpfizer.com interactivity-uploads.s3.us-east-1.amazonaws.com/ intercom-sheets.com l3.evidon.com pdi.doctor.com pfizer.demdex.net players.brightcove.net read.marvel.com resources.digital-cloud.medallia.eu td.doubleclick.net/ uploads.interactivity.brightcove.com web.microsoftstream.com webfiles.digitalpfizer.com webfiles.pfizer.com www.google.com www.interactivemanager.pfizer www.medtargetsystem.com/ www.webfiles.digitalpfizer.com www.youtube.com; frame-ancestors 'self' *.hapyak.com embed.vev.page https://*.embed.vev.page https://vev.page pfizer.cloudflareaccess.com pfizer.sharepoint.com www.vev.page; connect-src 'self' *.brightcove.com *.brightcove.net *.brightcovecdn.com *.contentsquare.net *.decibel.com *.decibelinsight.net *.demdex.net *.digitalpfizer.com *.doctor.com *.force.com *.franklin.edison.pfizer *.hapyak.com *.hlx.reviews/admin/ *.hotjar.com *.hotjar.io *.salesforce-sites.com *.web.pfizer *.worker.pfizer admin.hlx.page api-iam.intercom.io api.neverbounce.com brightcove.hs.llnwd.net cdn.cookielaw.org det-ms-config-manager.s3.amazonaws.com/ directory-service.consumerism.pressganey.com directory-service.ls.consumerism.pressganey.com dpm.demdex.net edge.adobedc.net einstein-cdn-stage.pfizer.com embed.vev.page geoip-js.com geolocation.onetrust.com/ helix-pages.anywhere.run https://ad.doubleclick.net/ https://insight.adsrvr.org/ https://pagead2.googlesyndication.com/ https://pagead2.googlesyndication.com/* https://smetrics.comirnaty.com/ee/v1/interact https://www.google.com/ https://www.google.com/* interactive-private.digitalpfizer.com interactive-protected.digitalpfizer.com interactive.digitalpfizer.com manifest.prod.boltdns.net maps.googleapis.com pfizer-privacy.my.onetrust.com/ pfizer.cloudflareaccess.com pfizer.sc.omtrdc.net resources.digital-cloud.medallia.eu rum.hlx.live/.rum. rum.hlx.page/.rum/ tagmanager.google.com udc-neb.kampyle.com uploads.interactivity.brightcove.com uploads.intercomcdn.com wss: www.aem.live www.doctor.com www.google-analytics.com www.hlx.live www.interactivemanager.pfizer; default-src 'none'; style-src 'self' 'unsafe-inline' https:; font-src 'self' data: https:; img-src 'self' blob: data: https:; media-src 'self' *.media.brightcove.com blob: film.vev.design house-fastly-signed-eu-west-1-prod.brightcovecdn.com js.intercomcdn.com manifest.prod.boltdns.net secure.brightcove.com/services/mobile/streaming webfiles.digitalpfizer.com; object-src 'self' players.brightcove.net; worker-src 'self' blob: unsafe-eval unsafe-inline; report-uri https://pfeprod.report-uri.com/r/t/csp/enforce"
  },
  "enrichment": {
    "ips": [
      "172.64.150.13",
      "104.18.37.243"
    ],
    "cnames": [
      "www.comirnaty.com.cdn.cloudflare.net"
    ],
    "tls": {
      "error": "[SSL: CERTIFICATE_VERIFY_FAILED] certificate verify failed: unable to get local issuer certificate (_ssl.c:1032)"
    },
    "whois": {
      "error": "[Errno 61] Connection refused"
    },
    "asn": {
      "error": "HTTP lookup failed for https://rdap.arin.net/registry/ip/172.64.150.13."
    }
  },
  "raw_response": {
    "status_code": 200,
    "headers": {
      "date": "Mon, 03 Nov 2025 15:36:39 GMT",
      "content-type": "text/html; charset=utf-8",
      "content-encoding": "gzip",
      "cf-ray": "998cf2ca3f943e20-SIN",
      "cf-cache-status": "HIT",
      "cache-control": "max-age=7200, must-revalidate",
      "last-modified": "Mon, 15 Sep 2025 15:35:35 GMT",
      "strict-transport-security": "max-age=31536000; includeSubdomains; preload",
      "vary": "Accept-Encoding,X-Forwarded-Host",
      "via": "1.1 varnish, 1.1 varnish, 1.1 varnish",
      "cdn-cache-control": "max-age=172800, must-revalidate",
      "content-security-policy": "script-src 'self' 'unsafe-eval' 'unsafe-inline' *.cloudfront.net/js/hapyak.js *.decibel.com *.decibelinsight.net *.digitalpfizer.com *.dotomi.com *.evidon.com *.force.com *.franklin.edison.pfizer *.hotjar.com *.salesforce-sites.com *.salesforce.com *.salesforceliveagent.com activitymap.adobe.com/sc15/activitymap/ aim-tag.hcn.health/js/ api.neverbounce.com assets.adobedtm.com c.evidon.com cdn.cookielaw.org cdn.di-capt.com cdn.jsdelivr.net cdn.neverbounce.com/widget/dist/NeverBounce.js cdn.vev.design cdnjs.cloudflare.com/ajax/libs/Chart.js/4.4.0/chart.umd.min.js code.jquery.com connect.facebook.net einstein-cdn-dev.pfizer.com einstein-cdn-stage.pfizer.com einstein-cdn.pfizer.com embded.vev.page evidon.com geoip-js.com geolocation.onetrust.com/ helix-pages.anywhere.run https://cdn.di-capt.com/inc.js https://js.adsrvr.org/ https://sdc-ibfw-portal.pfizer.com:6082/ https://smetrics.comirnaty.com/* https://static.cloudflareinsights.com/* interactive-private.digitalpfizer.com interactive-protected.digitalpfizer.com interactive.digitalpfizer.com js.adsrvr.org/ js.intercomcdn.com/ js.vev.design maps.googleapis.com player.interactivity.brightcove.com/ players.brightcove.net resources.digital-cloud.medallia.eu rum.hlx.live/.rum/ rum.hlx.page/.rum/ static.cloudflareinsights.com t.contentsquare.net vjs.zencdn.net widget.doctor.com widget.intercom.io/ www.aem.live/tools/sidekick/library/ www.google-analytics.com www.google.com www.googletagmanager.com www.gstatic.com www.hlx.live/tools/sidekick/library/ www.interactivemanager.pfizer www.youtube.com www.youtube.com/iframe_api; frame-src 'self' *.decibel.com *.decibelinsight.net *.doctor.com *.flourish.studio *.fls.doubleclick.net *.force.com *.hapyak-hosted.com *.hapyak.com *.salesforce.com *.vev.page activitymap.adobe.com/sc15/activitymap/ aim-tag.hcn.health/ fast.pfizer.demdex.net forms.office.com hapyak-assets.s3.amazonaws.com https://* https://embed.vev.page insight.adsrvr.org interactive-private.digitalpfizer.com interactive-protected.digitalpfizer.com interactive.digitalpfizer.com interactivity-uploads.s3.us-east-1.amazonaws.com/ intercom-sheets.com l3.evidon.com pdi.doctor.com pfizer.demdex.net players.brightcove.net read.marvel.com resources.digital-cloud.medallia.eu td.doubleclick.net/ uploads.interactivity.brightcove.com web.microsoftstream.com webfiles.digitalpfizer.com webfiles.pfizer.com www.google.com www.interactivemanager.pfizer www.medtargetsystem.com/ www.webfiles.digitalpfizer.com www.youtube.com; frame-ancestors 'self' *.hapyak.com embed.vev.page https://*.embed.vev.page https://vev.page pfizer.cloudflareaccess.com pfizer.sharepoint.com www.vev.page; connect-src 'self' *.brightcove.com *.brightcove.net *.brightcovecdn.com *.contentsquare.net *.decibel.com *.decibelinsight.net *.demdex.net *.digitalpfizer.com *.doctor.com *.force.com *.franklin.edison.pfizer *.hapyak.com *.hlx.reviews/admin/ *.hotjar.com *.hotjar.io *.salesforce-sites.com *.web.pfizer *.worker.pfizer admin.hlx.page api-iam.intercom.io api.neverbounce.com brightcove.hs.llnwd.net cdn.cookielaw.org det-ms-config-manager.s3.amazonaws.com/ directory-service.consumerism.pressganey.com directory-service.ls.consumerism.pressganey.com dpm.demdex.net edge.adobedc.net einstein-cdn-stage.pfizer.com embed.vev.page geoip-js.com geolocation.onetrust.com/ helix-pages.anywhere.run https://ad.doubleclick.net/ https://insight.adsrvr.org/ https://pagead2.googlesyndication.com/ https://pagead2.googlesyndication.com/* https://smetrics.comirnaty.com/ee/v1/interact https://www.google.com/ https://www.google.com/* interactive-private.digitalpfizer.com interactive-protected.digitalpfizer.com interactive.digitalpfizer.com manifest.prod.boltdns.net maps.googleapis.com pfizer-privacy.my.onetrust.com/ pfizer.cloudflareaccess.com pfizer.sc.omtrdc.net resources.digital-cloud.medallia.eu rum.hlx.live/.rum. rum.hlx.page/.rum/ tagmanager.google.com udc-neb.kampyle.com uploads.interactivity.brightcove.com uploads.intercomcdn.com wss: www.aem.live www.doctor.com www.google-analytics.com www.hlx.live www.interactivemanager.pfizer; default-src 'none'; style-src 'self' 'unsafe-inline' https:; font-src 'self' data: https:; img-src 'self' blob: data: https:; media-src 'self' *.media.brightcove.com blob: film.vev.design house-fastly-signed-eu-west-1-prod.brightcovecdn.com js.intercomcdn.com manifest.prod.boltdns.net secure.brightcove.com/services/mobile/streaming webfiles.digitalpfizer.com; object-src 'self' players.brightcove.net; worker-src 'self' blob: unsafe-eval unsafe-inline; report-uri https://pfeprod.report-uri.com/r/t/csp/enforce",
      "referrer-policy": "same-origin",
      "x-cache": "MISS, HIT, HIT",
      "x-cache-hits": "0, 3, 0",
      "x-content-type-options": "nosniff",
      "x-edison-type": "Adobe",
      "x-frame-options": "SAMEORIGIN",
      "x-franklin-ref": "v42",
      "x-served-by": "cache-iad-kjyo7100069-IAD, cache-iad-kjyo7100069-IAD, cache-qpg1234-QPG",
      "x-timer": "S1759462254.256091,VS0,VE1",
      "x-xss-protection": "1; mode=block",
      "set-cookie": "__cf_bm=0ydz4WjIEof5GIAKfGJ8G8J0HBmHqS.3idjQK8zBXDg-1762184199-1.0.1.1-uEfTXYQcRjeYHGtmjJhucMp8MPvG.XmMuz56M_N_6fgPdg3m3QNpBvLiuJ6sobW.nLp1uM_lUKMaLHvdHNuw2ckcMGCxeIhKzkRX0ZwwWb0; path=/; expires=Mon, 03-Nov-25 16:06:39 GMT; domain=.comirnaty.com; HttpOnly; Secure; SameSite=None",
      "server": "cloudflare"
    }
  },
  "snapshot_path": "/Users/jayvisaria/Documents/Jay/New/techdector/snapshots/www.comirnaty.com-2025-11-03T15:36:44.455201.json"
}